Category,Complaint,Age,Level,Gender,Frequency of Complaint,Resolution of Complaint,Impact
Academic,The limited access to research databases and materials is causing a lot of frustration among students. We need better access to be able to succeed academically.,17,200,Female,First time,Yes,Only me
Academic,I'm having trouble finding the course materials I need for my classes. The library doesn't have them and the bookstore is always sold out.,18,200,Male,First time,Yes,Only me
Academic,It's frustrating to have limited access to research databases and materials when I'm trying to write a paper or do a project. I feel like I'm at a disadvantage compared to students at other schools.,19,200,Female,First time,Yes,Only me
Academic,I'm really struggling in one of my classes but I can't get an appointment with my academic advisor for weeks. It's making me feel like no one cares about my success.,20,300,Male,First time,No,Only me
Academic, I am really struggling with understanding the instructions for this assignment. They are not clear and I don't know what is expected of me.,19,200,Male,2-3  times,Yes,Only me
Academic, The grading system in this course is unfair and inconsistent. It seems like the professor is picking favorites and not giving everyone a fair shot.,20,300,Female,First time,Yes,Only me
Academic, I wish my professor would give us more feedback on our assignments. I don't know what I'm doing wrong and I can't improve without constructive criticism.,18,200,Female,First time,No,Only me
Academic, The quality of teaching in this course is very poor. The professor doesn't seem to care about the material or the students and it shows in the lectures.,19,300,Female,First time,No,My class/group
Academic, The course fees and textbook costs are way too high. I can barely afford to pay for everything and it's causing me a lot of stress.,20,200,Female,First time,Yes,Only me
Academic,I am very concerned about academic dishonesty and plagiarism in this course. The professor doesn't seem to take it seriously and it's making me question the integrity of the entire class.,18,300,Female,Ongoing Issue,Yes,Only me
Academic,There have been several honor code violations in this course and it's really disappointing. I thought this was a place of higher learning and respect for academic integrity.,19,200,Male,Ongoing Issue,Yes,Only me
Academic,The grading rubric for this course is confusing and doesn't make sense. I don't understand how my grade is being calculated and it's causing me a lot of anxiety.,18,200,Female,First time,No,Entire department
Academic,I feel like my professor doesn't care about my success in this course. They don't give us enough support or resources to do well.,17,200,Male,First time,Yes,Only me
Academic, The textbooks for this course are outdated and don't provide enough information. I feel like I'm not getting the education I paid for.,20,300,Male,First time,Yes,Only me
Academic, I am really frustrated with the lack of transparency in this course. The professor doesn't communicate with us clearly and it's causing a lot of confusion.,18,200,Female,First time,No,Only me
Academic, The teaching assistants for this course are not helpful at all. They don't know the material and can't answer any of my questions.,17,300,Female,2-3  times,No,Only me
Academic, The grading scale for this course is too harsh. It's almost impossible to get an A and it's discouraging me from trying my best.,19,200,Female,First time,Yes,Only me
Academic, I am disappointed with the quality of education I am receiving in this course. I expected more from a university.,18,300,Female,First time,Yes,Only me
Academic, The professor for this course is disorganized and doesn't seem to have a plan. I am not learning anything and it's frustrating.,19,200,Female,First time,Yes,Only me
Academic, The cost of attending this university is outrageous. I don't know how I'm going to afford it.,20,300,Male,First time,No,My class/group
Academic, The textbook for this course is not helpful at all. It's poorly written and doesn't explain anything clearly.,18,200,Female,Ongoing Issue,Yes,Only me
Academic, I am very concerned about the lack of diversity in this course. We are not getting a well-rounded education.,17,200,Male,Ongoing Issue,Yes,Only me
Academic, The professor for this course is biased and it's affecting my grade. They seem to have favorites and it's not fair.,19,200,Male,First time,No,Only me
Academic, The workload for this course is overwhelming. I don't have enough time to complete everything and it's affecting my other classes.,17,300,Female,First time,No,Entire department
Academic, I wish there were more opportunities for extra credit in this course. It would help my grade and encourage me to learn more.,17,200,Female,First time,Yes,Only me
Academic, The professor for this course is not approachable. I am scared to ask them for help and it's hindering my success.,20,300,Female,First time,Yes,Only me
Academic, The course fees are too high for what we're getting. We're not getting our money's worth.,20,200,Female,2-3  times,Yes,Only me
Academic, The grading system for this course is too subjective. It's hard to know what the professor wants and it's affecting my grade.,18,300,Female,First time,No,Only me
Academic, The professor for this course is disinterested and it shows in their lectures. I am not learning anything and it's frustrating.,20,200,Male,First time,Yes,Only me
Academic, The textbook for this course is full of errors and mistakes. It's hard to learn from something that's not accurate.,20,300,Female,First time,Yes,Only me
Academic, I am concerned about the lack of academic rigor in this course. We,19,200,Male,First time,No,Only me
Academic,Limited access to technology and software is hindering my ability to do my coursework. I can't afford to buy expensive programs on my own.,17,200,Male,Ongoing Issue,No,My class/group
Academic,I'm trying to graduate early but there are only a few courses available that I need to take. It's frustrating that my options are so limited.,20,200,Female,Ongoing Issue,Yes,Only me
Academic,The online system for accessing course materials is always down or glitchy. It's hard to get work done when I can't even access my assignments.,20,300,Female,First time,Yes,Only me
Academic,I wish there were more opportunities to access research databases and materials outside of the library. It would be nice to have more options and flexibility.,20,200,Female,First time,Yes,Only me
Academic,It's really difficult to find the course materials I need for my classes because they're spread out across so many different resources. I wish there was a more streamlined system.,18,300,Female,First time,No,Entire department
Academic,The lack of available courses is making it hard for me to fulfill all of my degree requirements. I'm worried I won't be able to graduate on time.,20,200,Female,First time,Yes,Only me
Academic,"I'm having trouble with a particular software program for one of my classes, but there's no one available to help me troubleshoot. It's frustrating to feel like I'm on my own.",19,300,Male,2-3  times,Yes,Only me
Academic,Limited access to research databases and materials is especially frustrating when I'm trying to write a thesis or do original research. It feels like I'm hitting a wall.,17,200,Female,First time,No,Only me
Academic,I'm an international student and I'm having trouble accessing some of the online resources because of regional restrictions. It's frustrating to feel like I'm missing out because of where I'm from.,18,300,Male,First time,No,Only me
Academic,I'm a transfer student and I feel like I'm at a disadvantage because I don't have access to all of the same resources and databases as students who started at this university.,20,200,Male,First time,Yes,Only me
Academic,I'm a student with a disability and I'm having trouble accessing the technology and software I need to do my coursework. It's frustrating to feel like my needs aren't being accommodated.,17,200,Female,First time,Yes,Only me
Academic,It's frustrating to have limited access to academic advisors because they're the ones who can help me plan my degree and make sure I'm on track to graduate.,20,200,Female,Ongoing Issue,Yes,Only me
Academic,I wish there were more options for accessing course materials online so that I don't have to physically go to the library or bookstore every time I need something.,19,300,Female,Ongoing Issue,No,My class/group
Academic,It's hard to do group projects when we have limited access to technology and software. It puts us at a disadvantage compared to other groups.,19,200,Female,First time,Yes,Only me
Academic,I'm having trouble accessing research databases and materials because the library hours are limited and they're often closed when I have time to study.,17,300,Female,First time,Yes,Only me
Academic,Limited access to research databases and materials makes it hard to stay up-to-date with the latest developments in my field of study. It feels like I'm falling behind.,17,200,Male,First time,No,Only me
Academic,Limited access to technology and software is making it hard to keep up with the pace of coursework. It feels like I'm constantly playing catch-up.,20,300,Female,First time,No,Entire department
Academic,The lack of available courses is making it hard to take electives that interest me. I feel like my academic options are too limited.,18,200,Male,2-3  times,Yes,Only me
Academic,Limited access to academic advisors is making me feel like I'm on my own when it comes to making important academic decisions.,18,300,Male,First time,Yes,Only me
Academic,It's frustrating that we have such limited access to academic advisors. It makes it difficult to plan our academic careers and get the guidance we need.,18,200,Female,First time,Yes,Only me
Academic,I'm really struggling with finding and accessing course materials. It's making it hard to keep up with the coursework.,19,200,Female,First time,No,Only me
Academic,I wish there was more course availability. It's frustrating to have limited options for classes and not be able to take what we need.,17,200,Female,First time,Yes,Only me
Academic,Limited access to technology and software is a major issue. It's hindering our ability to complete assignments and keep up with the demands of our courses.,19,300,Female,Ongoing Issue,Yes,Only me
Academic,The limited access to research databases and materials is a huge problem. It makes it difficult to complete research assignments and write papers.,17,200,Female,Ongoing Issue,No,Only me
Academic,It's really frustrating that we don't have better access to academic advisors. It's causing a lot of stress and anxiety.,17,300,Male,First time,No,My class/group
Academic,The difficulty in finding and accessing course materials is making it hard to succeed in our classes.,19,200,Female,First time,Yes,Only me
Academic,Limited course availability is a huge problem for students. We need more options for classes to be able to meet our academic goals.,17,300,Male,First time,Yes,Only me
Academic,Limited access to technology and software is preventing us from being able to complete assignments on time and to the best of our ability.,19,200,Male,First time,Yes,Only me
Academic,It's really frustrating to have limited access to research databases and materials. It's making it hard to complete research assignments and write papers.,18,300,Female,2-3  times,No,Entire department
Academic,I feel like I'm not getting the support I need from academic advisors. Limited access to them is making it difficult to plan my academic career.,17,200,Female,First time,Yes,Only me
Academic,The difficulty in finding and accessing course materials is a major source of stress for students. It's important that we have access to what we need to succeed.,17,200,Female,First time,Yes,Only me
Academic,Limited course availability is a major issue for students. We need more options to be able to take the classes we need.,18,200,Female,First time,No,Only me
Academic,Limited access to technology and software is a major problem. It's impacting our ability to succeed in our courses and prepare for the workforce.,18,300,Female,First time,No,Only me
Academic,The limited access to research databases and materials is causing a lot of frustration among students. We need better access to be able to succeed academically.,18,200,Male,Ongoing Issue,Yes,Only me
Academic,It's really hard to succeed academically when we have limited access to academic advisors. We need more support.,19,300,Female,Ongoing Issue,Yes,Only me
Academic,The difficulty in finding and accessing course materials is a barrier to success for many students. It's important that we have access to what we need to succeed.,17,200,Male,First time,Yes,Only me
Academic,Limited course availability is causing a lot of stress for students. We need more options to be able to take the classes we need.,20,300,Male,First time,No,My class/group
Academic,Limited access to technology and software is making it difficult to complete assignments and prepare for the workforce. It's a major issue for students.,17,200,Female,First time,Yes,Only me
Academic,The limited access to research databases and materials is making it hard to complete assignments and write papers. We need better access.,17,300,Female,First time,Yes,Only me
Academic,It's really frustrating to not have more access to academic advisors. It's important that we have support to be able to plan our academic careers.,19,200,Female,2-3  times,No,Only me
Academic,The difficulty in finding and accessing course materials is a major issue. It's important that we have access to what we need to succeed academically.,18,200,Female,First time,No,Entire department
Academic,Limited course availability is impacting our ability to graduate on time and meet our academic goals. We need more options.,19,200,Female,First time,Yes,Only me
Academic,Limited access to technology and software is a major issue for students. It's important that we have access to the tools we need to succeed academically and in the workforce.,18,300,Male,First time,Yes,Only me
Academic,The limited access to research databases and materials is causing a lot of frustration for students. It's important that we have better access to complete our coursework.,20,200,Female,First time,Yes,Only me
Academic,"Academic advisors are so important, but the limited access to them is making it difficult to plan our academic careers and succeed.",20,300,Male,Ongoing Issue,No,Only me
Academic,The difficulty in finding and accessing course materials is causing a lot of stress for students.,19,200,Male,Ongoing Issue,Yes,Only me
Academic,It's frustrating not being able to find the resources I need for my research projects due to the limited access to research databases and materials.,17,300,Female,First time,Yes,Only me
Academic,Limited course availability is making it difficult to schedule my classes for next semester.,18,200,Female,First time,No,Only me
Academic,The difficulty in finding and accessing course materials is really hindering my ability to study effectively.,17,300,Female,First time,No,My class/group
Academic,"The lack of access to academic advisors is really concerning, especially when I have questions about course selection and career planning.",18,200,Female,First time,Yes,Only me
Academic,Limited access to technology and software is making it difficult to complete assignments and stay up to date with my coursework.,18,200,Female,2-3  times,Yes,Only me
Academic,I'm worried that my research projects won't be up to standard due to the limited access to research databases and materials.,17,200,Male,First time,Yes,Only me
Academic,Limited course availability is making it impossible to complete my degree requirements on time.,19,300,Female,First time,No,Entire department
Academic,I feel like I'm falling behind in my courses due to the difficulty in finding and accessing course materials.,19,200,Male,First time,Yes,Only me
Academic,"The lack of access to academic advisors is really frustrating, especially when I need help with scheduling or resolving academic issues.",17,300,Male,First time,Yes,Only me
Academic,Limited access to technology and software is impacting my ability to compete with my peers and prepare for my future career.,20,200,Female,Ongoing Issue,No,Only me
Academic,I'm struggling to find the necessary course materials for my courses due to the limited access available.,20,300,Female,Ongoing Issue,No,Only me
Academic,The limited access to academic advisors is making it difficult for me to plan my academic career and get the support I need.,19,200,Female,First time,Yes,Only me
Academic,Limited course availability is causing me to have to adjust my academic plans and career aspirations.,19,300,Female,First time,Yes,Only me
Academic,Limited access to technology and software is causing me to fall behind in my coursework and struggle with assignments.,18,200,Female,First time,Yes,Only me
Academic,I'm worried about the quality of my research projects due to the limited access to research databases and materials.,17,200,Male,First time,No,My class/group
Academic,The difficulty in finding and accessing course materials is causing me to spend unnecessary time and resources trying to complete assignments.,20,200,Female,2-3  times,Yes,Only me
Academic,Limited access to academic advisors is causing me to feel unsupported and disconnected from my academic goals.,20,300,Male,First time,Yes,Only me
Academic,Limited course availability is causing me to miss out on valuable academic opportunities and experiences.,17,200,Male,First time,No,Only me
Academic,The limited access to technology and software is causing me to have to use outdated tools and resources for my coursework.,19,300,Female,First time,No,Entire department
Academic,I feel like I'm not able to reach my full academic potential due to the limited access to research databases and materials.,19,200,Female,First time,Yes,Only me
Academic,The difficulty in finding and accessing course materials is causing me to feel stressed and overwhelmed with my coursework.,17,300,Female,Ongoing Issue,Yes,Only me
Academic,Limited access to academic advisors is causing me to feel lost and unsupported in my academic journey.,18,200,Female,Ongoing Issue,Yes,Only me
Academic,I'm concerned that my academic achievements and career prospects will be impacted by the limited course availability.,19,300,Female,First time,No,Only me
Academic,The limited access to technology and software is causing me to feel unprepared for the demands of the modern workforce.,20,200,Male,First time,Yes,Only me
Academic,The limited access to research databases and materials is making it difficult to produce high-quality research projects and assignments.,18,200,Female,First time,Yes,Only me
Academic,I'm struggling to keep up with my coursework due to the difficulty in finding and accessing course materials.,17,200,Male,First time,No,Only me
Academic,Limited access to academic advisors is causing me to feel like I'm not receiving the guidance I need to succeed academically.,17,300,Male,2-3  times,No,My class/group
Academic,Limited course availability is causing me to have to change my academic plans and goals.,20,200,Female,First time,Yes,Only me
Academic,The limited access to technology and software is causing me to feel like I'm not developing the skills I need to succeed in my future career.,18,300,Female,First time,Yes,Only me
Academic,The limited access to research databases and materials is causing me to feel like I'm not able to fully explore my academic interests.,20,200,Female,First time,Yes,Only me
Academic,The difficulty in finding and accessing course materials is causing me to waste time and money trying to complete assignments.,20,300,Female,First time,No,Entire department
Academic,Limited access to academic advisors is causing me to feel like I'm not receiving the academic support I need.,20,200,Female,Ongoing Issue,Yes,Only me
Academic,Limited course availability is causing me to feel like I'm not able to fully engage with my academic studies.,18,300,Male,Ongoing Issue,Yes,Only me
Academic,"As a student in a remote area, I'm struggling to access the required course materials due to limited availability online.",19,200,Female,First time,No,Only me
Academic,It's frustrating when you can't access research databases and materials you need for your assignments because they're only available in the library and you can't visit it.,19,200,Male,First time,No,Only me
Academic,The limited access to technology and software is hindering my ability to complete my coursework to the best of my ability.,20,200,Male,First time,Yes,Only me
Academic,I am paying a significant amount for tuition and it's disappointing that I can't access all the resources I need for my studies.,18,300,Female,First time,Yes,Only me
Academic,The limited course availability makes it difficult for me to plan my academic schedule and complete my degree in a timely manner.,17,200,Female,2-3  times,Yes,Only me
Academic,I wish there were more academic advisors available to guide me through my degree program and answer my questions.,19,300,Female,First time,No,My class/group
Academic,Limited access to academic resources has made it difficult for me to achieve the grades I am capable of.,18,200,Female,First time,Yes,Only me
Academic,I am struggling to find and access course materials needed for my classes due to limited availability in the library and online.,19,300,Female,First time,Yes,Only me
Academic,The lack of access to research databases and materials is hindering my ability to conduct thorough research for my papers.,19,200,Male,First time,No,Only me
Academic,"It's frustrating to not have access to the latest technology and software, especially when it's required for certain classes.",20,300,Female,Ongoing Issue,No,Entire department
Academic,The limited access to academic resources is preventing me from fully engaging in my studies and reaching my full potential.,19,200,Male,Ongoing Issue,Yes,Only me
Academic,I am finding it difficult to complete my assignments due to the limited access to technology and software I need.,17,200,Male,First time,Yes,Only me
Academic,"Limited access to academic resources is causing unnecessary stress and anxiety, which is negatively affecting my academic performance.",20,200,Female,First time,Yes,Only me
Academic,"It's frustrating to know that there are research databases and materials that could benefit my studies, but I don't have access to them.",19,300,Female,First time,No,Only me
Academic,I wish there were more academic advisors available to guide me through my degree program and help me make the most of my university experience.,18,200,Female,First time,Yes,Only me
Academic,The limited course availability is causing scheduling conflicts and making it difficult to plan out my academic path.,19,300,Female,2-3  times,Yes,Only me
Academic,The limited access to technology and software is preventing me from exploring new fields and expanding my knowledge.,17,200,Female,First time,No,Only me
Academic,I am paying for access to academic resources and it's disappointing that they're not readily available to me.,20,300,Male,First time,No,My class/group
Academic,The limited access to research databases and materials is making it difficult for me to complete my thesis.,17,200,Female,First time,Yes,Only me
Academic,"I wish there were more opportunities to access academic resources, such as extended library hours or online resources.",18,300,Male,First time,Yes,Only me
Academic,The limited access to academic resources is making it difficult to pursue my academic interests and passions.,20,200,Male,Ongoing Issue,Yes,Only me
Academic,I am finding it difficult to complete my assignments on time due to the limited access to technology and software.,19,200,Female,Ongoing Issue,No,Entire department
Academic,Limited access to academic resources is preventing me from making the most of my university experience and achieving my academic goals.,19,200,Female,First time,Yes,Only me
Academic,The limited course availability is preventing me from taking the classes I need to complete my degree.,18,300,Female,First time,Yes,Only me
Academic,I wish there were more academic advisors available to provide guidance and support throughout my university experience.,19,200,Female,First time,No,Only me
Academic,The limited access to technology and software is hindering my ability to prepare for my future career.,18,300,Female,First time,No,Only me
Academic,Limited access to academic resources is creating a disadvantage for me compared to other students who have greater access.,17,200,Male,2-3  times,Yes,Only me
Academic,The limited access to research databases and materials is making it difficult to conduct quality research for my papers.,18,300,Female,First time,Yes,Only me
Academic,"I am struggling to find and access the course materials I need, which is negatively affecting my academic performance.",18,200,Male,First time,Yes,Only me
Academic,Limited access to academic resources is making it difficult for me to fully engage in my studies and take advantage of all that my university has to offer.,19,300,Male,First time,No,My class/group
Academic,"I'm finding the academic workload really overwhelming, and it's been a struggle to keep up with all the assignments.",18,200,Female,First time,Yes,Only me
Academic,"The course material is extremely challenging, and I often feel like I don't fully understand it.",18,200,Female,Ongoing Issue,Yes,Only me
Academic,I've been struggling with my time management skills lately and it's been affecting my grades. I really need to get better at prioritizing my tasks.,20,200,Female,Ongoing Issue,No,Only me
Academic,"Balancing work and academic responsibilities has been a real challenge for me, and I often feel like I'm being pulled in two different directions.",18,300,Female,First time,No,Entire department
Academic,"I'm finding it difficult to balance my extracurricular activities with my academic work, and I'm often left feeling stressed and overwhelmed.",19,200,Female,First time,Yes,Only me
Academic,"Lack of sleep and fatigue has been a real issue for me lately, and it's been affecting my ability to focus and stay motivated.",17,300,Male,First time,Yes,Only me
Academic,"I've been dealing with a lot of stress and anxiety lately, and it's been really tough to stay on top of my schoolwork.",18,200,Female,First time,Yes,Only me
Academic,"Mental health concerns have been a major factor in my academic performance, and I really need to prioritize self-care in order to succeed.",20,300,Male,2-3  times,No,Only me
Academic,"I'm struggling to keep up with the academic workload, and it's been causing me a lot of stress and anxiety.",19,200,Male,First time,Yes,Only me
Academic,"The course material is really challenging, and I often feel like I'm in over my head.",17,300,Female,First time,Yes,Only me
Academic,"I'm not very good at managing my time, and I often find myself struggling to balance my academic work with my other commitments.",18,200,Female,First time,No,Only me
Academic,"Balancing work and academic responsibilities has been a real struggle for me, and it's been affecting my grades.",17,200,Female,First time,No,My class/group
Academic,"I often have conflicts with my other commitments, and it's been difficult to find time to focus on my schoolwork.",19,200,Female,Ongoing Issue,Yes,Only me
Academic,"I've been feeling really tired and burnt out lately, and it's been hard to stay motivated to study.",19,300,Female,Ongoing Issue,Yes,Only me
Academic,"The stress and anxiety of college life has been getting to me, and I'm having trouble focusing on my coursework.",18,200,Male,First time,Yes,Only me
Academic,"My mental health has been a major factor in my academic performance, and I need to prioritize self-care in order to succeed.",19,300,Female,First time,No,Entire department
Academic,"I'm feeling really overwhelmed by the academic workload, and I'm struggling to keep up with everything.",18,200,Male,First time,Yes,Only me
Academic,"The course material is really difficult, and I often feel like I don't fully understand it.",20,300,Male,First time,Yes,Only me
Academic,"I'm not very good at managing my time, and it's been affecting my grades.",17,200,Female,2-3  times,No,Only me
Academic,"Balancing work and academic responsibilities has been really challenging for me, and it's been causing me a lot of stress.",19,300,Female,First time,No,Only me
Academic,"I often have conflicts with my other commitments, and it's been tough to find time to focus on my schoolwork.",19,200,Female,First time,Yes,Only me
Academic,"I've been feeling really exhausted lately, and it's been hard to stay motivated to study.",20,200,Female,First time,Yes,Only me
Academic,"The stress and anxiety of college life has been really overwhelming, and it's been affecting my mental health.",19,200,Female,First time,Yes,Only me
Academic,"I'm dealing with some mental health issues that have been affecting my academic performance, and I need to seek help.",19,300,Male,Ongoing Issue,No,My class/group
Academic,"The academic workload has been really intense lately, and it's been a struggle to keep up with everything.",19,200,Female,Ongoing Issue,Yes,Only me
Academic,"The course material is really challenging, and I often feel like I'm not smart enough to understand it.",17,300,Male,First time,Yes,Only me
Academic,I need to work on my time management skills because I'm constantly feeling behind in my coursework.,17,200,Male,First time,No,Only me
Academic,"Balancing work and academic responsibilities has been a real struggle, and I'm not sure how to make it work.",20,300,Female,First time,No,Entire department
Academic,"I have a lot of other commitments that often conflict with my schoolwork, and it's been really hard to juggle everything.",19,200,Female,First time,Yes,Only me
Academic,"I've been feeling really run down lately, and it's been tough to stay focused on my studies.",18,300,Female,2-3  times,Yes,Only me
Academic,The stress and anxiety of college life has been really overwhelming,19,200,Female,First time,Yes,Only me
Academic,"The academic workload is becoming overwhelming, especially with the difficulty of course material. It's difficult to manage my time well and balance my work responsibilities with my academic ones. I have a hard time sleeping due to the stress and anxiety this is causing me, and it's starting to affect my mental health.",20,200,Female,First time,No,Only me
Academic,"I find myself struggling with the difficulty of course material and trying to manage my time effectively. Balancing work and academic responsibilities is a challenge, and I'm not getting enough sleep. This is causing me stress and anxiety, which is taking a toll on my mental health.",17,200,Male,First time,Yes,Only me
Academic,"Managing the academic workload and the difficulty of course material is a constant struggle. I need to improve my time management skills to balance work and academic responsibilities, but it's hard when I have time conflicts with other commitments. The lack of sleep is starting to affect my mental health, and I'm feeling stressed and anxious.",20,300,Female,First time,Yes,Only me
Academic,"I'm finding it hard to keep up with the academic workload, especially since the course material is challenging. Balancing work and academic responsibilities is tough, and there are often time conflicts with other commitments. I'm not getting enough sleep, and it's starting to affect my mental health. The stress and anxiety are overwhelming.",18,200,Male,Ongoing Issue,No,Only me
Academic,"The academic workload is taking its toll on me, especially since the course material is so difficult. I'm trying to manage my time effectively, but it's challenging to balance work and academic responsibilities. There are always time conflicts with other commitments, and I'm not getting enough sleep. This is causing me stress and anxiety, and it's starting to impact my mental health.",19,300,Male,Ongoing Issue,No,My class/group
Academic,"I'm struggling with the academic workload and the difficulty of the course material. I need to improve my time management skills to balance work and academic responsibilities, but there are always time conflicts with other commitments. I'm not sleeping well, and it's affecting my mental health. I'm feeling stressed and anxious all the time.",17,200,Female,First time,Yes,Only me
Academic,"It's challenging to keep up with the academic workload, especially since the course material is so difficult. I need to work on my time management skills to balance work and academic responsibilities, but there are always time conflicts with other commitments. The lack of sleep is starting to take its toll on my mental health, and I'm feeling stressed and anxious.",18,300,Female,First time,Yes,Only me
Academic,"The academic workload is becoming overwhelming, and the course material is so challenging. I'm struggling to balance work and academic responsibilities and manage my time effectively. There are often time conflicts with other commitments, and I'm not getting enough sleep. This is causing me stress and anxiety, and my mental health is suffering.",18,200,Female,First time,Yes,Only me
Academic,"The academic workload is getting to be too much, and I'm finding the course material increasingly difficult. I need to improve my time management skills to balance work and academic responsibilities, but there are always time conflicts with other commitments. The lack of sleep is starting to affect my mental health, and I'm feeling stressed and anxious all the time.",19,300,Female,First time,No,Entire department
Academic,"Managing the academic workload is a challenge, especially since the course material is so difficult. I need to balance work and academic responsibilities, but there are often time conflicts with other commitments. The lack of sleep is starting to take its toll on my mental health, and I'm feeling stressed and anxious.",17,200,Female,2-3  times,Yes,Only me
Academic,"The academic workload is overwhelming, and the course material is hard to understand. Balancing work and academic responsibilities is tough, and there are always time conflicts with other commitments. I'm not getting enough sleep, and the stress and anxiety are starting to affect my mental health.",20,200,Male,First time,Yes,Only me
Academic,"It's hard to keep up with the academic workload, and the difficulty of the course material is making it even harder. Balancing work and academic responsibilities is a challenge, and there are often time conflicts with other commitments. The lack of sleep is taking its toll",20,200,Female,First time,No,Only me
Academic,"I have found that the academic workload has been extremely heavy this semester, leaving me feeling overwhelmed and stressed.",20,300,Male,First time,No,Only me
Academic,"The difficulty of the course material is much higher than I anticipated, and I am struggling to keep up.",19,200,Male,First time,Yes,Only me
Academic,I have been struggling with time management skills and finding it difficult to balance my academic responsibilities with work and other commitments.,20,300,Female,Ongoing Issue,Yes,Only me
Academic,"Balancing work and academic responsibilities has been a significant challenge, and I have found it difficult to maintain a healthy work-life balance.",20,200,Female,Ongoing Issue,Yes,Only me
Academic,Time conflicts with other commitments have made it challenging to keep up with coursework and assignments.,20,300,Female,First time,No,My class/group
Academic,I am struggling with lack of sleep and fatigue due to the demands of my academic workload.,18,200,Female,First time,Yes,Only me
Academic,"The stress and anxiety of the academic workload have been affecting my mental health, and I am finding it difficult to cope.",17,300,Female,First time,Yes,Only me
Academic,I am concerned about my mental health and have been experiencing symptoms of depression and anxiety due to the academic workload.,19,200,Male,First time,No,Only me
Academic,"The academic workload is overwhelming, and I am struggling to find ways to manage my stress and maintain my mental health.",18,200,Female,2-3  times,No,Entire department
Academic,"I have been finding it difficult to balance my academic workload with other commitments, such as extracurricular activities and social life.",19,200,Male,First time,Yes,Only me
Academic,"The course material is much more challenging than I expected, and I am struggling to keep up with the pace of the class.",17,300,Male,First time,Yes,Only me
Academic,"I am finding it difficult to manage my time effectively, and it is affecting my ability to keep up with assignments and coursework.",18,200,Female,First time,Yes,Only me
Academic,"Balancing work and academic responsibilities has been a significant challenge, and I am finding it hard to find time for self-care and relaxation.",19,300,Female,First time,No,Only me
Academic,"I am struggling to keep up with my coursework due to time conflicts with other commitments, such as part-time work and family obligations.",20,200,Female,Ongoing Issue,Yes,Only me
Academic,Lack of sleep and fatigue have been affecting my ability to focus on coursework and stay motivated.,17,300,Female,Ongoing Issue,Yes,Only me
Academic,"The academic workload is causing significant stress and anxiety, and I am finding it hard to cope with the pressure.",17,200,Female,First time,No,Only me
Academic,I am concerned about my mental health and have been experiencing symptoms of burnout and exhaustion due to the demands of my academic workload.,17,300,Male,First time,No,My class/group
Academic,I am struggling to find ways to manage my stress and maintain my mental health while balancing my academic responsibilities with other commitments.,20,200,Female,First time,Yes,Only me
Academic,"The course material is much more difficult than I expected, and I am finding it hard to understand and retain the information.",18,200,Male,First time,Yes,Only me
Academic,"I am struggling to manage my time effectively, and it is affecting my ability to keep up with assignments and coursework.",18,200,Male,2-3  times,Yes,Only me
Academic,"Balancing work and academic responsibilities has been challenging, and I am finding it hard to find time for social activities and hobbies.",18,300,Female,First time,No,Entire department
Academic,"Time conflicts with other commitments have been causing significant stress and anxiety, and I am finding it hard to stay motivated.",18,200,Female,First time,Yes,Only me
Academic,"Lack of sleep and fatigue have been affecting my ability to concentrate and retain information, and I am concerned about my academic performance.",17,300,Female,First time,Yes,Only me
Academic,"The academic workload is causing significant stress and anxiety, and I am finding it hard to cope with the pressure.",18,200,Female,First time,No,Only me
Academic,"I am experiencing symptoms of anxiety and depression due to the demands of my academic workload, and I am concerned about my mental health.",18,300,Female,Ongoing Issue,No,Only me
Academic,"The academic workload is overwhelming, and I am finding it difficult to stay motivated and engaged in my studies.",18,200,Male,Ongoing Issue,Yes,Only me
Academic,I have been struggling to find ways to manage my stress and maintain my mental health while balancing my academic responsibilities with other commitments.,18,300,Female,First time,Yes,Only me
Academic,"The course material is much more challenging than I expected, and I am struggling to understand the concepts and complete assignments.",19,200,Male,First time,Yes,Only me
Academic,I am struggling to manage my time effectively and find it hard to balance my academic responsibilities with work and social activities.,18,200,Male,First time,No,My class/group
Academic,"Balancing work and academic responsibilities has been a significant challenge, and I am finding it",18,200,Female,First time,Yes,Only me
Academic,The academic workload this semester is overwhelming. I'm having trouble keeping up with all the assignments and readings.,19,300,Female,2-3  times,Yes,Only me
Academic,I find the course material for my math class to be extremely difficult. I've been attending extra study sessions but still feel lost.,17,200,Female,First time,No,Only me
Academic,Balancing my part-time job with my coursework has been a major struggle. I'm constantly exhausted and feel like I don't have enough time to focus on school.,19,300,Female,First time,No,Entire department
Academic,I have a time conflict with one of my classes and it's causing a lot of stress. I'm trying to work with my advisor to figure out a solution but it's proving to be difficult.,19,200,Female,First time,Yes,Only me
Academic,I'm not getting enough sleep and it's starting to affect my academic performance. I've tried adjusting my schedule but still can't seem to get enough rest.,19,300,Male,First time,Yes,Only me
Academic,"I'm feeling really overwhelmed with the amount of coursework I have to do, and it's causing a lot of stress and anxiety.",18,200,Female,Ongoing Issue,Yes,Only me
Academic,I've been experiencing mental health issues and it's making it hard to focus on school. I'm trying to seek help but it's been a slow process.,20,300,Male,Ongoing Issue,No,Only me
Academic,"I have a lot of commitments outside of school, including family responsibilities, and it's been a challenge to balance everything.",20,200,Male,First time,Yes,Only me
Academic,I'm struggling with time management and finding it hard to prioritize my coursework. I'm looking for resources to help me improve my skills.,20,200,Female,First time,Yes,Only me
Academic,The course material for my history class is very dense and difficult to understand. I'm hoping to find a tutor or study group to help me navigate it.,19,200,Female,First time,No,Only me
Academic,I've been working a lot lately and it's been hard to find time to focus on schoolwork. I'm trying to find ways to better manage my time.,17,300,Female,First time,No,My class/group
Academic,The amount of reading and writing assignments in my English class is overwhelming. I'm finding it hard to keep up with the workload.,18,200,Female,2-3  times,Yes,Only me
Academic,I'm feeling a lot of stress and anxiety about upcoming exams. I'm trying to develop better study habits to help me manage my stress.,20,300,Female,First time,Yes,Only me
Academic,I'm having trouble balancing my extracurricular activities with my coursework. I'm considering cutting back on some activities to focus more on school.,19,200,Male,First time,Yes,Only me
Academic,I'm feeling burnt out and exhausted from the demands of my coursework. I'm trying to find ways to recharge and take care of my mental health.,19,300,Female,First time,No,Entire department
Academic,I have a lot of personal commitments that are making it difficult to prioritize my schoolwork. I'm looking for strategies to help me better manage my time.,19,200,Male,First time,Yes,Only me
Academic,The course material for my physics class is very challenging and I'm struggling to keep up. I'm considering seeking additional help from a tutor.,17,300,Male,Ongoing Issue,Yes,Only me
Academic,I'm feeling overwhelmed with the amount of reading and assignments in my sociology class. I'm trying to break things down into smaller tasks to make it more manageable.,18,200,Female,Ongoing Issue,No,Only me
Academic,I'm having trouble sleeping at night and it's causing me to feel tired and unfocused during the day. I'm looking for ways to improve my sleep habits.,18,200,Female,First time,No,Only me
Academic,The pressure to maintain good grades is causing me a lot of stress and anxiety. I'm trying to find a healthy balance between school and self-care.,18,200,Female,First time,Yes,Only me
Academic,I'm struggling with mental health issues that are making it hard to focus on school. I'm working with a therapist to develop coping strategies.,18,300,Female,First time,Yes,Only me
Academic,I have a part-time job that's making it hard to balance my schoolwork. I'm trying to negotiate a better schedule with my employer.,17,200,Female,First time,Yes,Only me
Academic,"I'm finding it hard to stay motivated with my coursework. I'm trying to set smaller, achievable goals to help me stay on track.",20,300,Male,2-3  times,No,My class/group
Academic,Exam results not released on time,20,200,Female,First time,Yes,Only me
Academic,Missing exam scores despite attendance,20,300,Male,First time,Yes,Only me
Academic,Incorrect grading on transcript,18,200,Male,First time,No,Only me
Academic,Denial of access to exams despite eligibility,19,300,Female,First time,No,Entire department
Academic,Final-year project submission issues due to system failure,20,200,Female,Ongoing Issue,Yes,Only me
Academic,Wrong course registration affecting graduation eligibility,18,200,Female,Ongoing Issue,Yes,Only me
Academic,Inaccurate course prerequisites blocking registration,17,200,Female,First time,Yes,Only me
Academic,Loss of academic records from the university portal,18,300,Female,First time,No,Only me
Academic,Suspension due to system errors in attendance records,18,200,Male,First time,Yes,Only me
Academic,Forced withdrawal due to an administrative mix-up,18,300,Female,First time,Yes,Only me
Academic,Course instructor failing to show up for scheduled classes,19,200,Male,2-3  times,No,Only me
Academic,Academic misconduct accusation without evidence,19,300,Male,First time,No,My class/group
Academic,Expulsion notice due to an error in disciplinary records,20,200,Female,First time,Yes,Only me
Academic,Unexplained removal from graduation list,19,300,Female,First time,Yes,Only me
Academic,Delay in thesis defense scheduling,18,200,Female,First time,Yes,Only me
Academic,Thesis supervisor unresponsive for extended periods,20,200,Female,Ongoing Issue,No,Entire department
Academic,Course registration portal crashing before deadline,19,200,Female,Ongoing Issue,Yes,Only me
Academic,Academic adviser providing misleading information,20,300,Male,First time,Yes,Only me
Academic,Double charging for tuition or course registration,17,200,Female,First time,No,Only me
Academic,Denied access to required materials in the university library,17,300,Male,First time,No,Only me
Academic,Incorrect degree classification on transcript,17,200,Male,First time,Yes,Only me
Academic,Exam scripts missing and not graded,18,300,Female,2-3  times,Yes,Only me
Academic,Discrepancy in GPA calculations,20,200,Female,First time,Yes,Only me
Academic,Lecturer refusing to mark assignments or exams,20,300,Female,First time,No,My class/group
Academic,Unfair academic probation placement,20,200,Female,First time,Yes,Only me
Academic,Incorrect or delayed processing of academic appeals,18,200,Female,First time,Yes,Only me
Academic,Non-issuance of graduation certificate despite clearing requirements,17,200,Male,Ongoing Issue,No,Only me
Academic,Exam date clash with another course,17,300,Female,Ongoing Issue,No,Entire department
Academic,Loss of scholarship due to administrative error,19,200,Male,First time,Yes,Only me
Academic,Unjustified withholding of exam results,20,300,Male,First time,Yes,Only me
Academic,Delay in lecturer uploading course materials,18,200,Female,First time,Yes,Only me
Academic,Lecturer failing to provide feedback on assignments,20,300,Female,First time,No,Only me
Academic,Missing attendance despite being present in class,19,200,Female,2-3  times,Yes,Only me
Academic,Lab equipment failure during practical exams,19,300,Female,First time,Yes,Only me
Academic,Lecturer skipping key topics in syllabus,18,200,Female,First time,No,Only me
Academic,Delays in academic transcript processing,19,200,Male,First time,No,My class/group
Academic,Lecturer frequently rescheduling classes,20,200,Female,First time,Yes,Only me
Academic,Miscommunication regarding assignment deadlines,19,300,Male,Ongoing Issue,Yes,Only me
Academic,Library books required for research missing or outdated,19,200,Male,Ongoing Issue,Yes,Only me
Academic,Errors in course schedule leading to conflicts,18,300,Female,First time,No,Entire department
Academic,Inadequate seating in lecture halls,19,200,Female,First time,Yes,Only me
Academic,Poorly organized internship placements,17,300,Female,First time,Yes,Only me
Academic,Long wait times for academic counseling appointments,17,200,Female,First time,No,Only me
Academic,Lack of Wi-Fi in key study areas,17,300,Female,2-3  times,No,Only me
Academic,University website down during registration periods,19,200,Male,First time,Yes,Only me
Academic,Inconsistent grading rubrics in the same course,19,200,Female,First time,Yes,Only me
Academic,Difficulty in changing an assigned supervisor,18,200,Male,First time,Yes,Only me
Academic,Poor response time from department office regarding inquiries,20,300,Male,First time,No,My class/group
Academic,Lecturer consistently late to class,17,200,Female,Ongoing Issue,Yes,Only me
Academic,Lack of feedback from academic board on student appeals,20,300,Female,Ongoing Issue,Yes,Only me
Academic,Unclear instructions for research paper submissions,17,200,Female,First time,No,Only me
Academic,Outdated course content not reflecting industry standards,17,300,Female,First time,No,Entire department
Academic,Limited spots for elective courses,19,200,Female,First time,Yes,Only me
Academic,Lecturer playing favoritism in grading,19,300,Male,First time,Yes,Only me
Academic,Delays in approval of research proposals,19,200,Female,2-3  times,Yes,Only me
Academic,Harsh grading with no clear justification,20,200,Male,First time,No,Only me
Academic,Compulsory university fees not clearly explained,19,200,Male,First time,Yes,Only me
Academic,Poor ventilation in classrooms,20,300,Female,First time,Yes,Only me
Academic,Lack of support for international students facing academic issues,17,200,Female,First time,No,Only me
Academic,Unavailability of required textbooks in the university bookstore,18,300,Female,Ongoing Issue,No,My class/group
Academic,Insufficient access to computers for coursework,20,200,Female,Ongoing Issue,Yes,Only me
Academic,Unreasonably short deadlines for major assignments,20,300,Female,First time,Yes,Only me
Academic,Lack of clarity in academic policies,18,200,Male,First time,Yes,Only me
Academic,Inefficient complaint resolution process,18,300,Female,First time,No,Entire department
Academic,Lack of career guidance sessions for students,20,200,Male,First time,Yes,Only me
Academic,Insufficient office hours for lecturers,18,200,Male,2-3  times,Yes,Only me
Academic,Errors in posted course content on the university portal,19,200,Female,First time,No,Only me
Academic,Inadequate teaching staff for high-enrollment courses,20,300,Female,First time,No,Only me
Academic,Lack of industry certifications integrated into academic programs,20,200,Female,First time,Yes,Only me
Academic,Delayed response from thesis committee on research progress,18,300,Female,First time,Yes,Only me
Academic,Low Urgency (Minor Issues – Can Be Resolved Over Time),19,200,Female,Ongoing Issue,Yes,Only me
Academic,Limited study space in the library,19,300,Male,Ongoing Issue,No,My class/group
Academic,Too much group work in coursework,18,200,Female,First time,Yes,Only me
Academic,Noisy environment affecting study sessions,17,300,Male,First time,Yes,Only me
Academic,Online classes poorly managed,19,200,Male,First time,No,Only me
Academic,Lack of practical case studies in lectures,19,200,Female,First time,No,Entire department
Academic,Uninteresting course delivery by some lecturers,20,200,Female,2-3  times,Yes,Only me
Academic,Difficulty in accessing academic journals,20,300,Female,First time,Yes,Only me
Academic,Limited printing stations on campus,17,200,Female,First time,Yes,Only me
Academic,Rigid class schedules with no flexibility,18,300,Female,First time,No,Only me
Academic,University portal hard to navigate,20,200,Male,First time,Yes,Only me
Academic,Exam timetable released too late,18,300,Female,Ongoing Issue,Yes,Only me
Academic,Slow updates on course announcements,20,200,Male,Ongoing Issue,No,Only me
Academic,Frequent power outages during online exams,20,300,Male,First time,No,My class/group
Academic,Lack of collaboration opportunities with industry experts,18,200,Female,First time,Yes,Only me
Academic,Few academic exchange programs,20,200,Female,First time,Yes,Only me
Academic,Difficulty finding research funding,19,200,Female,First time,Yes,Only me
Academic,Outdated software in university computer labs,20,300,Female,2-3  times,No,Entire department
Academic,Unavailability of soft copies of lecture notes,17,200,Female,First time,Yes,Only me
Academic,Inconsistent enforcement of plagiarism policies,17,300,Male,First time,Yes,Only me
Academic,Overloaded academic calendar with too many assessments,19,200,Female,First time,No,Only me
Academic,Delayed recognition of student achievements,18,300,Male,First time,No,Only me
Academic,Lack of interdisciplinary courses,18,200,Male,Ongoing Issue,Yes,Only me
Academic,Limited networking opportunities for students,19,300,Female,Ongoing Issue,Yes,Only me
Academic,Faculty members using outdated teaching methods,18,200,Female,First time,Yes,Only me
Academic,Minimal guest lectures from professionals,17,200,Female,First time,No,My class/group
Academic,Slow updates to academic policy documents,20,200,Female,First time,Yes,Only me
Academic,Lack of transparency in faculty recruitment,19,300,Female,First time,Yes,Only me
Academic,Unclear grading scales across courses,20,200,Male,2-3  times,No,Only me
Academic,Limited choice of elective courses,18,300,Female,First time,No,Entire department
Academic,Lack of hands-on learning experiences,18,200,Male,First time,Yes,Only me
Academic,Academic credentials wrongly printed on certificates,17,300,Male,First time,Yes,Only me
Academic,Delays in visa processing for international students affecting studies,19,200,Female,First time,Yes,Only me
Academic,Mismatch between exam questions and syllabus,18,300,Female,Ongoing Issue,No,Only me
Academic,Non-recognition of transfer credits,17,200,Female,Ongoing Issue,Yes,Only me
Academic,Course wrongly marked as failed in transcript,18,200,Female,First time,Yes,Only me
Academic,Lecturer refusing to release exam scripts for review,17,200,Female,First time,No,Only me
Academic,Course dropped from university curriculum without notice,20,300,Male,First time,No,My class/group
Academic,Blocked access to university portal despite fee payments,20,200,Female,First time,Yes,Only me
Academic,Wrong specialization track assigned to a student,18,300,Male,2-3  times,Yes,Only me
Academic,Last-minute cancellation of crucial courses,19,200,Male,First time,Yes,Only me
Academic,Mistakenly withdrawn from university due to financial errors,19,300,Female,First time,No,Entire department
Academic,Denial of access to university-hosted research conferences,19,200,Female,First time,Yes,Only me
Academic,Delay in course exemption approvals,17,300,Female,First time,Yes,Only me
Academic,Supervisor rejecting project topics without valid reasons,20,200,Female,Ongoing Issue,No,Only me
Academic,Non-inclusion of coursework marks in final grades,20,200,Female,Ongoing Issue,No,Only me
Academic,Missing graduation gown despite payment,17,200,Male,First time,Yes,Only me
Academic,Denied access to academic records due to bureaucratic delays,18,300,Female,First time,Yes,Only me
Academic,Lecturer harassing students for better grades,19,200,Male,First time,Yes,Only me
Academic,Administrative mix-up in major/minor declarations,17,300,Male,First time,No,My class/group
Academic,System failure causing exam submission errors,17,200,Female,2-3  times,Yes,Only me
Academic,Other Issues Affecting Academic Performance (Medium to Low Urgency Continued),18,300,Female,First time,Yes,Only me
Academic,Internet downtime during online class tests,19,200,Female,First time,No,Only me
Academic,Broken chairs and desks in lecture halls,19,300,Female,First time,No,Entire department
Academic,Poor lighting in classrooms affecting visibility,20,200,Female,First time,Yes,Only me
Academic,Difficulty securing accommodations for academic conferences,19,200,Male,Ongoing Issue,Yes,Only me
Academic,University bookstore failing to stock required textbooks,18,200,Female,Ongoing Issue,Yes,Only me
Academic,Misallocation of class venues,19,300,Male,First time,No,Only me
Academic,Inability to access recorded lectures,17,200,Male,First time,Yes,Only me
Academic,Excessively large class sizes,19,300,Female,First time,Yes,Only me
Academic,Library staff unhelpful when searching for materials,18,200,Female,First time,No,Only me
Academic,Too many administrative forms required for minor academic changes,18,300,Female,2-3  times,No,My class/group
Academic,Lack of proper orientation for new students on academic policies,19,200,Female,First time,Yes,Only me
Academic,Limited peer mentoring programs for difficult courses,20,300,Female,First time,Yes,Only me
Academic,Too many restrictions on course withdrawals,17,200,Male,First time,Yes,Only me
Academic,Difficulty in changing elective courses after registration,20,200,Female,First time,No,Entire department
Academic,Non-functional air conditioning in computer labs,18,200,Male,Ongoing Issue,Yes,Only me
Academic,Unreliable course evaluation system,17,300,Male,Ongoing Issue,Yes,Only me
Academic,Lack of open-door policies for department heads,17,200,Female,First time,No,Only me
Academic,Unfair policies against part-time students,17,300,Female,First time,No,Only me
Academic,Limited access to software licenses for coursework,17,200,Female,First time,Yes,Only me
Academic,High costs of academic trips and fieldwork,18,300,Female,First time,Yes,Only me
Academic,Wrong student name appearing on official academic records,19,200,Female,2-3  times,Yes,Only me
Academic,Misplacement of students' academic files by the administration,17,300,Male,First time,No,My class/group
Academic,Delay in processing course add/drop requests affecting class attendance,19,200,Female,First time,Yes,Only me
Academic,Missing or incorrect financial aid/scholarship allocations,20,200,Male,First time,Yes,Only me
Academic,University system marking a student as “not enrolled” despite proper registration,18,200,Male,First time,No,Only me
Academic,Sudden removal from a required course due to system error,18,300,Female,Ongoing Issue,No,Entire department
Academic,Administrative mix-up leading to double course registration fees,20,200,Female,Ongoing Issue,Yes,Only me
Academic,Issues with final-year clearance preventing graduation,20,300,Female,First time,Yes,Only me
Academic,Online exam submission failure with no way to resubmit,18,200,Female,First time,Yes,Only me
Academic,Lecturer absent during scheduled exams without prior notice,17,300,Female,First time,No,Only me
Academic,Inaccessibility of the thesis submission portal before the deadline,19,200,Male,First time,Yes,Only me
Academic,Academic dismissal without prior warnings or probationary period,18,300,Female,2-3  times,Yes,Only me
Academic,Lack of accommodation for students with disabilities in exams,18,200,Male,First time,No,Only me
Academic,Compulsory courses being removed or changed without informing students,20,200,Male,First time,No,My class/group
Academic,Unexpected change in curriculum affecting graduation timeline,20,200,Female,First time,Yes,Only me
Academic,Examination malpractice accusation without due investigation,19,300,Female,First time,Yes,Only me
Academic,Falsely being placed on academic suspension,18,200,Female,Ongoing Issue,Yes,Only me
Academic,Supervisor refusing to approve a research project without valid reasons,19,300,Female,Ongoing Issue,No,Entire department
Academic,No clear guidance on how to appeal academic penalties,18,200,Female,First time,Yes,Only me
Academic,Unfair allocation of marks for group projects,18,300,Male,First time,Yes,Only me
Academic,Delay in approving ethical clearance for research studies,20,200,Female,First time,No,Only me
Academic,Wrong date of birth or personal details on academic records,19,300,Male,First time,No,Only me
Academic,Rejected course substitution requests without clear justification,19,200,Male,2-3  times,Yes,Only me
Academic,Research supervisor neglecting students without appointing a replacement,19,200,Female,First time,Yes,Only me
Academic,Examination hall seating errors leading to disciplinary action,20,200,Female,First time,Yes,Only me
Academic,"Double scheduling of courses, making it impossible to attend both",19,300,Female,First time,No,My class/group
Academic,Results being withheld due to non-existent disciplinary cases,20,200,Female,First time,Yes,Only me
Academic,Academic calendar changes disrupting students’ research plans,19,300,Female,Ongoing Issue,Yes,Only me
Academic,Students forced to retake a course due to university administrative error,19,200,Male,Ongoing Issue,No,Only me
Academic,Transcript showing repeated courses that were actually passed,19,300,Female,First time,No,Entire department
Academic,Examination questions containing mistakes or unclear instructions,17,200,Male,First time,Yes,Only me
Academic,Lecturer refusing to address student complaints about unfair grading,19,300,Male,First time,Yes,Only me
Academic,Final-year project completely rejected without reasonable explanation,19,200,Female,First time,Yes,Only me
Academic,University rejecting internship reports without valid reasons,17,200,Female,2-3  times,No,Only me
Academic,Failure to notify students about cancelled or postponed exams,17,200,Female,First time,Yes,Only me
Academic,Lack of fair consideration for students facing mental health crises,19,300,Female,First time,Yes,Only me
Academic,University declining to send required academic records to employers or other institutions,17,200,Female,First time,No,Only me
Academic,Missing deadlines for processing international students’ study permits,19,300,Male,First time,No,My class/group
Academic,Major delays in the release of examination scripts for remarking requests,20,200,Female,Ongoing Issue,Yes,Only me
Academic,"University portal marking courses as ""failed"" when they were passed",19,300,Male,Ongoing Issue,Yes,Only me
Academic,No clear deadline for appeals on exam results,18,200,Male,First time,Yes,Only me
Academic,Difficulty in switching from one department to another,20,300,Female,First time,No,Entire department
Academic,Professor failing to return graded assignments on time,18,200,Female,First time,Yes,Only me
Academic,No access to research databases despite paying library fees,19,200,Female,First time,Yes,Only me
Academic,Poor coordination of internship placements for students,19,200,Female,2-3  times,No,Only me
Academic,Lecturer frequently missing consultation hours,20,300,Female,First time,No,Only me
Academic,Lack of consistency in how different lecturers grade the same course,18,200,Male,First time,Yes,Only me
Academic,No procedure for challenging unfair disciplinary actions,18,300,Female,First time,Yes,Only me
Academic,Delayed release of lecture timetables,19,200,Male,First time,Yes,Only me
Academic,Academic advisers failing to respond to student concerns,17,300,Male,Ongoing Issue,No,My class/group
Academic,Long processing times for obtaining letters of recommendation,20,200,Female,Ongoing Issue,Yes,Only me
Academic,Insufficient guidance for students switching to new specializations,20,300,Female,First time,Yes,Only me
Academic,Difficulty securing approval for research projects involving human subjects,19,200,Female,First time,No,Only me
Academic,Poor communication regarding changes in academic policies,19,200,Female,First time,No,Entire department
Academic,Unavailable sign language interpreters for hearing-impaired students,19,200,Female,First time,Yes,Only me
Academic,Lack of online course material updates for remote learners,19,300,Male,2-3  times,Yes,Only me
Academic,Confusing policies on deferring courses or exams,20,200,Female,First time,Yes,Only me
Academic,Non-recognition of prior learning for credit transfer,17,300,Male,First time,No,Only me
Academic,Research projects delayed due to lack of funding from the university,20,200,Male,First time,Yes,Only me
Academic,University blocking students from using academic services due to minor fee discrepancies,20,300,Female,First time,Yes,Only me
Academic,Course lecturers failing to provide proper references or citations in study materials,18,200,Female,Ongoing Issue,No,Only me
Academic,Difficulty in obtaining official academic letters for job applications,17,300,Female,Ongoing Issue,No,My class/group
Academic,Poor enforcement of plagiarism detection policies,17,200,Female,First time,Yes,Only me
Academic,Limited opportunities for students to contribute to university research projects,19,200,Female,First time,Yes,Only me
Academic,Overcrowded laboratories making practicals ineffective,20,200,Male,First time,Yes,Only me
Academic,Complaints about sexual harassment by lecturers not being taken seriously,20,300,Female,First time,No,Entire department
Academic,Inconsistent attendance recording system,17,200,Male,2-3  times,Yes,Only me
Academic,Lecturer frequently cancelling practical sessions without notice,17,300,Male,First time,Yes,Only me
Academic,Outdated and irrelevant course content,20,200,Female,First time,No,Only me
Academic,"Exam schedule too close together, causing fatigue",18,300,Female,First time,No,Only me
Academic,Restrictive academic dress code policies,19,200,Female,First time,Yes,Only me
Academic,Poorly managed grading curves leading to unfair results,18,300,Female,Ongoing Issue,Yes,Only me
Academic,Non-responsive IT support for academic platforms,18,200,Female,Ongoing Issue,Yes,Only me
Academic,"Lack of access to advanced software for engineering, design, or data analysis courses",18,200,Male,First time,No,My class/group
Academic,Language barriers in courses taught by foreign lecturers,20,200,Female,First time,Yes,Only me
Academic,Insufficient academic workshops or career development programs,19,300,Male,First time,Yes,Only me
Academic,Delay in confirming graduation list approvals,17,200,Male,First time,No,Only me
Academic,Lack of provisions for students with visual impairments,18,300,Female,2-3  times,No,Entire department
Academic,Hard-to-access faculty deans for academic concerns,18,200,Female,First time,Yes,Only me
Academic,No support for students struggling with coursework due to personal difficulties,17,300,Female,First time,Yes,Only me
Academic,Low Urgency (Minor Issues – Can Be Resolved Over Time),20,200,Female,First time,Yes,Only me
Academic,Inconsistent feedback from multiple lecturers in team-taught courses,20,300,Female,First time,No,Only me
Academic,Lecture hall projectors frequently malfunctioning,20,200,Male,Ongoing Issue,Yes,Only me
Academic,"Academic policies only available in hard copy, not online",18,200,Female,Ongoing Issue,Yes,Only me
Academic,Outdated websites for faculty pages,18,200,Male,First time,No,Only me
Academic,Poor university email system for academic communication,20,300,Male,First time,No,My class/group
Academic,Lack of extracurricular academic competitions,18,200,Female,First time,Yes,Only me
Academic,Lack of mentorship programs for struggling students,18,300,Female,First time,Yes,Only me
Academic,Course descriptions on the university website being too vague,20,200,Female,2-3  times,Yes,Only me
Academic,"Exam results posted on campus notice boards, compromising privacy",17,300,Female,First time,No,Entire department
Academic,University not recognizing student-run academic initiatives,18,200,Female,First time,Yes,Only me
Academic,Few research collaboration opportunities with other universities,18,300,Male,First time,Yes,Only me
Academic,Limited availability of past exam papers for study,20,200,Female,First time,No,Only me
Academic,Lack of access to global academic conferences,20,200,Male,Ongoing Issue,No,Only me
Academic,Poorly structured grading policies in elective courses,18,200,Male,Ongoing Issue,Yes,Only me
Academic,Research grants only available to postgraduate students,19,300,Female,First time,Yes,Only me
Academic,Unclear policies on independent study courses,20,200,Female,First time,Yes,Only me
Academic,No provisions for part-time students in academic policies,18,300,Female,First time,No,My class/group
Academic,Poor organization of university-hosted career fairs,20,200,Female,First time,Yes,Only me
Academic,Lecturers failing to record attendance correctly,17,300,Female,2-3  times,Yes,Only me
Academic,Difficulty in accessing specialized training for certain industries,20,200,Male,First time,No,Only me
Academic,"Course prerequisites not properly enforced, causing student confusion",18,300,Female,First time,No,Entire department
Academic,Inadequate guidelines for thesis writing formatting,19,200,Male,First time,Yes,Only me
Academic,Few digital resources for language courses,18,200,Male,First time,Yes,Only me
Academic,Limited hands-on learning opportunities for arts and design students,17,200,Female,Ongoing Issue,Yes,Only me
Academic,No university-hosted hackathons for tech students,19,300,Female,Ongoing Issue,No,Only me
Academic,Weak implementation of peer-tutoring programs,20,200,Female,First time,Yes,Only me
Academic,Too many PowerPoint-heavy lectures with no engagement,17,300,Female,First time,Yes,Only me
Academic,Delays in setting up student mentorship programs,19,200,Female,First time,No,Only me
Academic,No centralized platform for students to track academic progress,18,300,Male,First time,No,My class/group
Academic,Poor availability of financial aid workshops,18,200,Female,2-3  times,Yes,Only me
Academic,Student name completely missing from the graduation list,19,300,Male,First time,Yes,Only me
Academic,Unfair academic suspension due to errors in academic records,19,200,Male,First time,Yes,Only me
Academic,Expulsion from a program without proper investigation,18,200,Female,First time,No,Entire department
Academic,Wrong degree classification on official records,18,200,Female,First time,Yes,Only me
Academic,University rejecting a course exemption request without justification,19,300,Female,Ongoing Issue,Yes,Only me
Academic,No notification of an exam postponement leading to a missed paper,18,200,Female,Ongoing Issue,No,Only me
Academic,Non-functional university portal blocking exam registration,20,300,Female,First time,No,Only me
Academic,Scholarship funds not disbursed despite eligibility,18,200,Male,First time,Yes,Only me
Academic,Unapproved changes to thesis topic blocking graduation,19,300,Female,First time,Yes,Only me
Academic,Security breach exposing confidential student academic records,18,200,Male,First time,Yes,Only me
Academic,Course removed from the program after a student has taken prerequisites,20,300,Male,2-3  times,No,My class/group
Academic,Lecturer deliberately failing a student due to personal bias,19,200,Female,First time,Yes,Only me
Academic,Academic appeals being rejected without review,17,200,Female,First time,Yes,Only me
Academic,Academic transcript issued with missing courses,20,200,Female,First time,No,Only me
Academic,Administrative error causing two students to have identical academic records,20,300,Female,First time,No,Entire department
Academic,Misplaced dissertation despite submission confirmation,18,200,Female,Ongoing Issue,Yes,Only me
Academic,Disability accommodations ignored for an important exam,20,300,Male,Ongoing Issue,Yes,Only me
Academic,Student ID showing incorrect academic program,17,200,Female,First time,Yes,Only me
Academic,No guidelines on how to challenge a falsely accused plagiarism case,20,300,Male,First time,No,Only me
Academic,Required internship course canceled at the last minute,20,200,Male,First time,Yes,Only me
Academic,Reassessment requests being ignored for months,18,300,Female,First time,Yes,Only me
Academic,System glitches automatically dropping students from enrolled courses,20,200,Female,2-3  times,No,Only me
Academic,Delay in official exam results preventing further studies,18,200,Female,First time,No,My class/group
Academic,System registering a student in the wrong academic level,20,200,Female,First time,Yes,Only me
Academic,Rejected graduation application due to misplaced documents,18,300,Female,First time,Yes,Only me
Academic,Student not assigned a supervisor for months,20,200,Male,First time,Yes,Only me
Academic,University failing to notify students of major policy changes,18,300,Female,Ongoing Issue,No,Entire department
Academic,Registration system crashing before the deadline,17,200,Male,Ongoing Issue,Yes,Only me
Academic,Incorrect allocation of credit hours leading to graduation delays,19,300,Male,First time,Yes,Only me
Academic,Enrollment records showing missing semesters,17,200,Female,First time,No,Only me
Academic,Unclear grading rubrics for assignments,17,300,Female,First time,No,Only me
Academic,Major timetable clashes for required courses,19,200,Female,First time,Yes,Only me
Academic,Lack of support for students struggling with heavy coursework,18,200,Female,2-3  times,Yes,Only me
Academic,Limited access to career counseling services,18,200,Female,First time,Yes,Only me
Academic,University rejecting foreign exchange program applications without explanation,18,300,Male,First time,No,My class/group
Academic,Final-year project assessment delayed due to unavailable panel members,17,200,Female,First time,Yes,Only me
Academic,Lack of response from academic advisors,17,300,Male,First time,Yes,Only me
Academic,Library materials being outdated and irrelevant to current courses,20,200,Male,Ongoing Issue,No,Only me
Academic,Research assistants being overworked without proper compensation,18,300,Female,Ongoing Issue,No,Entire department
Academic,Ineffective peer tutoring programs,17,200,Female,First time,Yes,Only me
Academic,Lecturer consistently not responding to emails or office visits,17,300,Female,First time,Yes,Only me
Academic,Group projects being graded unfairly due to uneven contributions,20,200,Female,First time,Yes,Only me
Academic,Student publications being blocked without proper review,20,200,Female,First time,No,Only me
Academic,No clear policies on handling academic misconduct investigations,19,200,Male,2-3  times,Yes,Only me
Academic,No opportunity for re-examinations in case of illness,17,300,Female,First time,Yes,Only me
Academic,Absence of student representation in academic policy-making,20,200,Male,First time,No,Only me
Academic,"Lecture halls being overcrowded, making it hard to focus",17,300,Male,First time,No,My class/group
Academic,Poorly maintained online discussion forums for academic interactions,18,200,Female,First time,Yes,Only me
Academic,No structured support for first-year students adjusting to university life,20,300,Female,Ongoing Issue,Yes,Only me
Academic,Online classes lacking engagement due to lack of interactive elements,17,200,Female,Ongoing Issue,Yes,Only me
Academic,No defined process for handling missing attendance records,18,300,Female,First time,No,Entire department
Academic,Academic staff refusing to accept feedback from students,17,200,Female,First time,Yes,Only me
Academic,Lack of availability of part-time courses for working students,19,200,Male,First time,Yes,Only me
Academic,Difficulties in accessing academic records from previous institutions,20,200,Female,First time,No,Only me
Academic,No proper recognition for academic achievements outside coursework,19,300,Male,2-3  times,No,Only me
Academic,Delays in clearing students who are transferring to another institution,17,200,Male,First time,Yes,Only me
Academic,Lack of transparency in how research grants are awarded,19,300,Female,First time,Yes,Only me
Academic,Failure to communicate changes in class venues in advance,20,200,Female,First time,Yes,Only me
Academic,Academic advisors assigned too many students to manage effectively,20,300,Female,First time,No,My class/group
Academic,Lack of affordable printing facilities for students submitting hardcopy reports,18,200,Female,Ongoing Issue,Yes,Only me
Academic,Low Urgency (Minor Issues – Can Be Resolved Over Time),20,300,Female,Ongoing Issue,Yes,Only me
Academic,Limited student discounts on academic software,19,200,Male,First time,No,Only me
Academic,No incentives for students participating in voluntary research projects,19,200,Female,First time,No,Entire department
Academic,Confusing course descriptions on university websites,17,200,Male,First time,Yes,Only me
Academic,Lack of academic writing workshops for students,19,300,Male,First time,Yes,Only me
Academic,Limited networking opportunities with industry professionals,19,200,Female,2-3  times,Yes,Only me
Academic,Inconvenient office hours for faculty consultations,19,300,Female,First time,No,Only me
Academic,Inconsistent information on university noticeboards and portals,20,200,Female,First time,Yes,Only me
Academic,Faculty websites not updated with course materials,17,300,Female,First time,Yes,Only me
Academic,Limited number of student-led academic conferences,20,200,Female,First time,No,Only me
Academic,No mentorship programs for postgraduate students,20,300,Male,Ongoing Issue,No,My class/group
Academic,Study spaces in the library always fully booked,17,200,Female,Ongoing Issue,Yes,Only me
Academic,University newsletter not including relevant academic updates,19,200,Male,First time,Yes,Only me
Academic,Lack of academic clubs related to niche fields of study,20,200,Male,First time,Yes,Only me
Academic,No digital tools provided for collaborative coursework,20,300,Female,First time,No,Entire department
Academic,University social media platforms not used for academic updates,17,200,Female,First time,Yes,Only me
Academic,No centralized system for tracking research progress,19,300,Female,2-3  times,Yes,Only me
Academic,Few academic competitions hosted within departments,20,200,Female,First time,No,Only me
Academic,Library access limited during exam periods due to overcrowding,17,300,Female,First time,No,Only me
Academic,Few international student orientation programs,17,200,Male,First time,Yes,Only me
Academic,Lack of structured feedback sessions for course improvement,19,300,Female,First time,Yes,Only me
Academic,Professors not sharing lecture slides despite student requests,19,200,Male,Ongoing Issue,Yes,Only me
Academic,Difficulty in accessing archived research papers,20,200,Male,Ongoing Issue,No,My class/group
Academic,Insufficient online test proctoring solutions,18,200,Female,First time,Yes,Only me
Academic,Limited book borrowing duration for research materials,18,300,Female,First time,Yes,Only me
Academic,Poor communication between departments about shared courses,20,200,Female,First time,No,Only me
Academic,No automated reminders for important academic deadlines,20,300,Female,First time,No,Entire department
Academic,University app frequently crashing when students try to log in,17,200,Female,2-3  times,Yes,Only me
Academic,No clear process for switching from full-time to part-time status,20,300,Male,First time,Yes,Only me
Academic,Limited awareness of mental health support for students,20,200,Female,First time,Yes,Only me
Academic,No emergency response plan for students with disabilities in campus facilities,17,300,Male,First time,No,Only me
Academic,,19,200,Male,First time,Yes,Only me
Academic,"9. ""I think it's important for the university to recognize the challenges that international students face and provide more support and resources to help us succeed academically and socially.""",18,200,Female,Ongoing Issue,Yes,Only me
Academic,"10. ""Sometimes I feel like my cultural background is a barrier to making friends and fitting in with the rest of the student body. It's hard to know how to bridge that gap and find common ground with people who have such different experiences than me.""",20,200,Female,Ongoing Issue,No,Only me
Academic,"11. ""I appreciate the efforts of my professors and classmates to help me feel included and supported, but there are still times when I feel like I'm on the outside looking in. It's a tough position to be in.""",18,300,Female,First time,No,My class/group
Academic,"12. ""I think it would be helpful if the university provided more opportunities for international students to get involved in campus organizations and clubs. That way, we could meet more people and feel more connected to the campus community.""",17,200,Female,First time,Yes,Only me
Academic,"13. ""I sometimes feel like I'm not taken seriously or my ideas aren't valued because of my accent or the way I express myself. It's discouraging and makes me feel like I don't belong.""",19,300,Female,First time,Yes,Only me
Academic,"14. ""I appreciate the efforts of the university to create a welcoming environment for international students, but sometimes it feels like a lot of the burden is placed on us to adapt and assimilate. It would be nice to have more support and understanding from the rest of the campus community.""",17,200,Male,First time,Yes,Only me
Academic,"15. ""I've been trying to connect with other international students who speak the same language as me, but it's been difficult to find people who share my interests and hobbies. It can be isolating.""",18,300,Female,2-3  times,No,Entire department
Academic,"16. ""I think it's important for the university to provide more cultural competency training for all students and faculty. That way, we can all learn how to better communicate and interact with people from different backgrounds.""",19,200,Male,First time,Yes,Only me
Academic,"17. ""Sometimes I feel like my language and cultural differences are all people see when they look at me. I want to be recognized for my talents and abilities, not just my background.""",19,300,Male,First time,Yes,Only me
Academic,"18. ""I think it's important for the university to create more opportunities for international students",20,200,Female,First time,No,Only me
Academic,"1. ""I feel isolated and lonely sometimes because I can't connect with other students due to the language barrier. It's hard to join conversations and make friends when you don't speak the same language.""",17,200,Female,First time,No,Only me
Academic,"2. ""I love the diversity on campus, but sometimes it's hard to communicate with international students because of the cultural differences. It can be frustrating trying to understand their perspectives and vice versa.""",20,200,Female,Ongoing Issue,Yes,Only me
Academic,"3. ""I think it would be helpful if the university provided more opportunities for international and domestic students to interact and learn from each other. Maybe language classes or cultural events.""",20,300,Female,Ongoing Issue,Yes,Only me
Academic,"4. ""I feel like I'm missing out on a lot because I can't fully participate in class discussions and group projects. It's hard to contribute when you don't have a full understanding of the language.""",18,200,Female,First time,Yes,Only me
Academic,"5. ""I appreciate the efforts that some professors make to accommodate international students, but I think there could be more support and resources available. Maybe a tutoring program or language exchange program.""",19,300,Male,First time,No,My class/group
Academic,"6. ""It's frustrating when professors and classmates assume that all students are familiar with certain cultural references or idioms. It would be nice if there was more education and awareness around cultural differences.""",18,200,Female,First time,Yes,Only me
Academic,"7. ""I've noticed that some international students are hesitant to speak up in class or ask questions because they're afraid of being misunderstood or judged. It would be great if the university provided more opportunities for them to practice their language skills in a safe and supportive environment.""",18,300,Male,First time,Yes,Only me
Academic,"8. ""I think it would be helpful if the university provided more resources for international students who are struggling with language or cultural barriers. Maybe a mentorship program or support group.""",17,200,Male,2-3  times,No,Only me
Academic,"9. ""As a domestic student, I sometimes feel guilty that I don't know more about other cultures and languages. I wish there were more opportunities for me to learn and engage with international students.""",18,300,Female,First time,No,Entire department
Academic,"10. ""I've had some great conversations and learned a lot from international students, but it can still be frustrating when we can't fully communicate. I think the university should invest more in language and culture education for all students.""",18,200,Female,First time,Yes,Only me
Academic,"11. ""I feel like I'm missing out on some of the benefits of a diverse student body because I can't fully connect with international students. It would be great if there were more opportunities for us to interact and learn from each other.""",19,200,Female,First time,Yes,Only me
Academic,"12. ""I think it's important for the university to prioritize language and cultural diversity in its recruitment efforts. We need more international students and domestic students from diverse backgrounds to create a truly inclusive community.""",17,200,Female,First time,Yes,Only me
Academic,"13. ""It can be difficult to navigate social situations with international students because there are often cultural norms and expectations that I'm not familiar with. I wish there were more resources available to help bridge these gaps.""",20,300,Female,Ongoing Issue,No,Only me
Academic,"14. ""I think it's important for the university to create a welcoming and inclusive environment for all students, regardless of their language or cultural background. We should celebrate our differences and learn from each other.""",17,200,Male,Ongoing Issue,Yes,Only me
Academic,"15. ""Sometimes I feel like there's a divide between international and domestic students, and it's hard to bridge that gap. I think the university should do more to encourage and facilitate cross-cultural interactions.""",18,300,Female,First time,Yes,Only me
Academic,"16. ""I've noticed that some international students struggle with homesickness and feeling isolated. It would be great if the university provided more resources and support for these students.""",17,200,Male,First time,No,Only me
Academic,"17. ""I think it would be helpful if the university offered more language courses for students who want to learn a new language. This would not only help international students, but also domestic students who are interested in language and culture.""",18,300,Male,First time,No,My class/group
Academic,"18. ""I appreciate the diversity on campus, but sometimes it can be hard to navigate the different cultural norms and expectations. It would be great if the university provided more education and awareness around these issues.""",19,200,Female,First time,Yes,Only me
Academic,"19. ""I think it's important for the university to provide opportunities for international students to share their cultures and traditions",17,300,Female,2-3  times,Yes,Only me
Academic,"1. ""I find it difficult to communicate with my peers who are from different countries. Sometimes, I struggle to understand their accents or the way they express themselves.""",17,200,Female,First time,Yes,Only me
Academic,"2. ""As an international student, I often feel left out in group activities as most students prefer to converse in their native language.""",17,200,Female,First time,No,Entire department
Academic,"3. ""It can be frustrating to constantly have to explain my cultural background to others, especially when they don't seem interested in understanding.""",18,200,Female,First time,Yes,Only me
Academic,"4. ""I wish there were more opportunities to learn about different cultures and interact with students from diverse backgrounds.""",17,300,Male,First time,Yes,Only me
Academic,"5. ""The language barrier can make it hard to participate in class discussions, which can be isolating.""",19,200,Female,Ongoing Issue,No,Only me
Academic,"6. ""I often feel like an outsider in social situations, as I struggle to connect with others due to cultural differences.""",19,300,Male,Ongoing Issue,No,Only me
Academic,"7. ""It would be great if the university could organize more events that celebrate cultural diversity and promote inclusivity.""",18,200,Male,First time,Yes,Only me
Academic,"8. ""As an international student, I sometimes feel like I'm being judged based on stereotypes and misconceptions about my home country.""",20,300,Female,First time,Yes,Only me
Academic,"9. ""I find it challenging to make friends with local students, as we often have different interests and experiences.""",20,200,Female,First time,Yes,Only me
Academic,"10. ""There's a lack of awareness and understanding about the challenges faced by international students, which can make it hard to feel supported.""",18,300,Female,First time,No,My class/group
Academic,"11. ""I wish there were more language support programs available to help me improve my English skills.""",19,200,Female,2-3  times,Yes,Only me
Academic,"12. ""It can be tough to adapt to a new culture and environment, especially when there are cultural differences that I'm not used to.""",20,200,Female,First time,Yes,Only me
Academic,"13. ""I feel like I have to constantly explain myself and my culture to others, which can be exhausting.""",19,200,Male,First time,No,Only me
Academic,"14. ""It's hard to make connections with people when you don't share the same cultural references and experiences.""",17,300,Female,First time,No,Entire department
Academic,"15. ""Sometimes, I feel like my accent is a barrier to effective communication with my peers and professors.""",18,200,Male,First time,Yes,Only me
Academic,"16. ""I wish there were more opportunities for international and local students to collaborate and work together on projects.""",18,300,Male,Ongoing Issue,Yes,Only me
Academic,"17. ""There's a lack of cultural sensitivity and awareness on campus, which can lead to misunderstandings and conflicts.""",17,200,Female,Ongoing Issue,Yes,Only me
Academic,"18. ""It's frustrating when people make assumptions about me based on my race or ethnicity, without taking the time to get to know me as an individual.""",17,300,Female,First time,No,Only me
Academic,"19. ""As an international student, I sometimes feel like I'm not taken seriously in academic settings because of my accent or cultural background.""",20,200,Female,First time,Yes,Only me
Academic,"20. ""I would love to see more cultural exchange programs offered by the university to help students learn from each other.""",18,300,Female,First time,Yes,Only me
Academic,"21. ""It can be difficult to find common ground with people from vastly different cultures and backgrounds.""",17,200,Female,First time,No,Only me
Academic,"22. ""I wish there were more resources available to help international students navigate the challenges of studying abroad.""",18,200,Male,2-3  times,No,My class/group
Academic,"23. ""I sometimes feel like I have to compromise my cultural identity in order to fit in with my peers.""",18,200,Female,First time,Yes,Only me
Academic,"24. ""It can be tough to balance the demands of academic work with the challenges of adapting to a new culture.""",19,300,Male,First time,Yes,Only me
Academic,"25. ""I wish there were more opportunities to learn about the local culture and customs, as well as share my own cultural traditions with others.""",18,200,Male,First time,Yes,Only me
Academic,"26. ""Sometimes, I feel like I'm not able to fully express myself or my opinions in discussions because of language barriers.""",19,300,Female,First time,No,Entire department
Academic,"27. ""I would appreciate it if the university could offer more language support services to help me improve my communication skills.""",17,200,Female,Ongoing Issue,Yes,Only me
Academic,"28. ""It can be hard to navigate the social scene on campus when you don't share the same interests or cultural background as most students.""",20,300,Female,Ongoing Issue,Yes,Only me
Academic,"29. ""I find it difficult to build relationships with professors and academic advisors because of the language and cultural barriers.""",20,200,Female,First time,No,Only me
Academic,"30. ""I wish there were more opportunities for international students to share their perspectives and experiences with the wider campus community.""",18,300,Female,First time,No,Only me
Academic,The online learning experience has been difficult due to poor internet connectivity and frequent technical difficulties.,17,200,Male,First time,Yes,Only me
Academic,Limited access to online resources has made it difficult to complete assignments and stay on track with coursework.,20,200,Female,First time,Yes,Only me
Academic,Time zone differences for online classes have been a challenge for international students who have to adjust their schedules to accommodate the class times.,19,200,Male,2-3  times,Yes,Only me
Academic,"Professors have limited availability during online classes, which has made it difficult to get the support needed to succeed in the course.",18,300,Male,First time,No,My class/group
Academic,"Online students have limited access to internships and job opportunities, which puts them at a disadvantage compared to on-campus students.",18,200,Female,First time,Yes,Only me
Academic,The lack of face-to-face interaction in online classes has made it difficult to engage with peers and build relationships with professors.,20,300,Female,First time,Yes,Only me
Academic,Technical difficulties with online classes have caused some students to fall behind on coursework and struggle to catch up.,18,200,Female,First time,No,Only me
Academic,Limited access to online resources has made it difficult to find and access the materials needed to complete assignments and study for exams.,18,300,Female,Ongoing Issue,No,Entire department
Academic,Time zone differences for online classes have made it challenging to balance coursework with other commitments and responsibilities.,18,200,Female,Ongoing Issue,Yes,Only me
Academic, Limited availability of professors during online classes has made it difficult to get timely feedback and support on coursework.,17,300,Male,First time,Yes,Only me
Academic, Online students often miss out on networking opportunities and face-to-face interactions with professors and peers.,19,200,Female,First time,Yes,Only me
Academic," The lack of access to on-campus resources, such as the library and student support services, has put online students at a disadvantage.",17,200,Male,First time,No,Only me
Academic, Technical difficulties with online classes have caused some students to become frustrated and lose motivation.,20,200,Male,First time,Yes,Only me
Academic, Limited access to online resources has made it difficult to fully engage with course material and succeed in the class.,20,300,Female,2-3  times,Yes,Only me
Academic, Time zone differences for online classes have made it difficult to attend live lectures and participate in group activities.,18,200,Female,First time,No,Only me
Academic, Limited availability of professors during online classes has made it difficult to get personalized attention and support.,17,300,Female,First time,No,My class/group
Academic, Online students often feel isolated and disconnected from the campus community.,18,200,Female,First time,Yes,Only me
Academic, Technical difficulties with online classes have caused some students to question the effectiveness of online learning.,18,300,Female,First time,Yes,Only me
Academic, Limited access to online resources has made it difficult to stay organized and keep track of assignments and deadlines.,20,200,Male,Ongoing Issue,Yes,Only me
Academic, Time zone differences for online classes have made it difficult to balance coursework with work and other responsibilities.,20,300,Female,Ongoing Issue,No,Entire department
Academic, Limited availability of professors during online classes has made it difficult to get the guidance needed to succeed in the course.,20,200,Male,First time,Yes,Only me
Academic, Online students often struggle to stay motivated and engaged in their coursework without the support of in-person interactions.,18,200,Male,First time,Yes,Only me
Academic, Technical difficulties with online classes have caused some students to fall behind and struggle to catch up.,20,200,Female,First time,No,Only me
Academic, Limited access to online resources has made it difficult to fully participate in class discussions and activities.,17,300,Female,First time,No,Only me
Academic, Time zone differences for online classes have made it difficult to attend office hours and get individualized attention from professors.,18,200,Female,2-3  times,Yes,Only me
Academic, Limited availability of professors during online classes has made it difficult to get timely feedback on assignments and exams.,19,300,Female,First time,Yes,Only me
Academic, Online students often feel like they are missing out on the full college experience by not being on campus.,20,200,Female,First time,Yes,Only me
Academic, Technical difficulties with online classes have caused some students to become discouraged and lose motivation.,20,300,Male,First time,No,My class/group
Academic, Limited access to online resources has made it difficult to access additional support and resources for struggling students.,20,200,Female,First time,Yes,Only me
Academic, Time zone differences for online classes have made it difficult to participate in group projects and work collaboratively with peers.,20,300,Male,Ongoing Issue,Yes,Only me
Academic,Online classes are not the same as in-person classes. I find it hard to stay engaged and motivated with online learning.,17,200,Male,Ongoing Issue,No,Only me
Academic,Technical issues with the online platform make it difficult to participate in class and complete assignments.,20,200,Female,First time,No,Entire department
Academic,The lack of in-person interaction and support from professors has been challenging in my online courses.,17,200,Female,First time,Yes,Only me
Academic,Online classes require a lot of self-discipline and time management skills that not all students have developed yet.,17,300,Female,First time,Yes,Only me
Academic,It is difficult to build relationships with classmates and professors in an online setting.,18,200,Female,First time,Yes,Only me
Academic,"The quality of education in online classes is not the same as in-person classes, and it can be frustrating to pay full tuition for a lesser experience.",17,300,Female,2-3  times,No,Only me
Academic,The lack of access to campus resources and facilities is a major downside to online classes.,18,200,Male,First time,Yes,Only me
Academic,The time difference for international students can make it difficult to attend online classes and participate in group projects.,20,300,Female,First time,Yes,Only me
Academic,The lack of face-to-face interaction in online classes makes it hard to ask questions and receive feedback.,17,200,Male,First time,No,Only me
Academic," The online format can be especially challenging for hands-on courses like art, music, and lab-based sciences.",17,300,Male,First time,No,My class/group
Academic, Limited access to technical resources and software can hinder the learning experience in online classes.,17,200,Female,Ongoing Issue,Yes,Only me
Academic," It is challenging to maintain focus and avoid distractions during online classes, especially for students living in crowded or noisy environments.",19,200,Female,Ongoing Issue,Yes,Only me
Academic, The increased screen time from online classes can cause eye strain and fatigue.,19,200,Female,First time,Yes,Only me
Academic, Online exams and assessments can be more challenging and stressful than in-person tests.,20,300,Female,First time,No,Entire department
Academic, It is difficult to stay motivated and accountable for completing online coursework without the structure of in-person classes.,18,200,Female,First time,Yes,Only me
Academic, Online classes can exacerbate feelings of isolation and loneliness for students who struggle to make connections with peers.,20,300,Male,First time,Yes,Only me
Academic, Technical difficulties with online exams and quizzes can lead to anxiety and frustration.,18,200,Female,2-3  times,No,Only me
Academic, The lack of access to professors during online classes can make it difficult to receive help and feedback on coursework.,20,300,Male,First time,No,Only me
Academic, Online classes can make it harder to balance academic responsibilities with work or family obligations.,17,200,Male,First time,Yes,Only me
Academic, Limited access to internships and job opportunities for online students can hinder their career prospects.,20,300,Female,First time,Yes,Only me
Academic, The lack of networking opportunities and professional development events for online students can be a major drawback.,17,200,Female,First time,Yes,Only me
Academic, The online format can make it challenging to participate in extracurricular activities and clubs.,19,200,Female,Ongoing Issue,No,My class/group
Academic, Online classes can create a sense of disconnection from the campus community and culture.,20,200,Female,Ongoing Issue,Yes,Only me
Academic, It is harder to form study groups and collaborate with classmates in an online setting.,20,300,Female,First time,Yes,Only me
Academic, Technical difficulties with online class recordings can lead to missed lectures and important information.,18,200,Male,First time,No,Only me
Academic, The lack of access to campus facilities like libraries and study spaces can make it harder to study and complete coursework.,18,300,Female,First time,No,Entire department
Academic, Online classes can be particularly challenging for students who need hands-on assistance from professors or peers.,20,200,Male,First time,Yes,Only me
Academic, The lack of in-person support and resources for mental health and wellness can make online classes particularly difficult for some students.,18,300,Male,2-3  times,Yes,Only me
Academic, The lack of access to campus events and activities can make the college experience feel incomplete for online students.,17,200,Female,First time,Yes,Only me
Academic, The limited availability of online courses and programs can make it difficult for students to meet graduation requirements or pursue specific fields of study.,17,300,Female,First time,No,Only me
Academic,"Online classes are a convenient way to learn, but the technical difficulties I faced this semester made it very frustrating.",18,200,Female,First time,Yes,Only me
Academic,"I struggled with finding all the necessary resources for my online classes, and the limited access to them made it even harder.",17,200,Female,First time,Yes,Only me
Academic,Being in a different time zone than my online classes made it hard to participate in live discussions and group work.,17,200,Female,Ongoing Issue,No,Only me
Academic,It was difficult to get in touch with my professors during online classes and I often had to wait for days to receive a response.,20,300,Male,Ongoing Issue,No,My class/group
Academic,"As an online student, I feel like I'm missing out on internship and job opportunities that are only available to in-person students.",20,200,Female,First time,Yes,Only me
Academic,The lack of interaction and engagement in my online classes made it hard to stay motivated and focused on the material.,18,300,Male,First time,Yes,Only me
Academic,I wish there were more opportunities for online students to collaborate and connect with each other.,17,200,Male,First time,Yes,Only me
Academic,"The online platform we use for classes is outdated and difficult to navigate, which makes the learning experience more frustrating.",20,300,Female,First time,No,Entire department
Academic,"I struggled with managing my time effectively during online classes, especially with other commitments like work and family.",18,200,Female,2-3  times,Yes,Only me
Academic, The lack of face-to-face interaction in my online classes made it hard to build relationships with my classmates and professors.,18,300,Female,First time,Yes,Only me
Academic, The limited access to online tutoring and academic support made it hard to succeed in my classes.,17,200,Female,First time,No,Only me
Academic," I experienced a lot of technical difficulties during my online exams, which caused me a lot of stress and anxiety.",20,200,Female,First time,No,Only me
Academic," The online class discussion boards were often filled with unhelpful and irrelevant comments, which made it hard to engage with the material.",19,200,Male,First time,Yes,Only me
Academic," I feel like I'm not getting my money's worth with online classes, as the learning experience isn't the same as in-person classes.",18,300,Female,Ongoing Issue,Yes,Only me
Academic, It's hard to feel connected to my university and the campus community when I'm taking classes online from a different location.,17,200,Male,Ongoing Issue,Yes,Only me
Academic, The lack of structure and routine in my online classes made it hard to stay motivated and focused on the material.,19,300,Male,First time,No,My class/group
Academic," I had difficulty adjusting to the online learning environment, and I feel like I'm not getting the same quality education as in-person students.",20,200,Female,First time,Yes,Only me
Academic, The online classes are not accommodating to students with different learning styles and preferences.,17,300,Female,First time,Yes,Only me
Academic, The lack of in-person feedback and interaction with my professors made it hard to improve my skills and knowledge.,18,200,Female,First time,No,Only me
Academic," As an online student, I feel isolated and disconnected from the campus community and extracurricular activities.",20,300,Female,2-3  times,No,Entire department
Academic, The limited access to online library resources and research databases made it hard to complete assignments and projects.,18,200,Female,First time,Yes,Only me
Academic," It's frustrating to have to rely on technology for my education, especially when it's not always reliable or user-friendly.",18,200,Male,First time,Yes,Only me
Academic," I feel like online classes aren't preparing me for the real world and workplace, where in-person communication and collaboration are essential skills.",17,200,Female,First time,Yes,Only me
Academic," The online platform we use for classes is not accessible for students with disabilities, which is a major issue.",17,300,Male,First time,No,Only me
Academic, I wish there were more opportunities for online students to interact with professors and receive feedback on their work.,18,200,Male,Ongoing Issue,Yes,Only me
Academic, The lack of structure and clear expectations in my online classes made it hard to know what was expected of me and how to succeed.,18,300,Female,Ongoing Issue,Yes,Only me
Academic," As an online student, I feel like I'm not receiving the same level of support and resources as in-person students.",18,200,Female,First time,No,Only me
Academic," I had to spend a lot of money on additional technology and equipment to participate in my online classes, which was a financial burden.",17,300,Female,First time,No,My class/group
Academic, The lack of hands-on learning and practical experience in my online classes made it hard to apply the knowledge to real-world situations.,19,200,Female,First time,Yes,Only me
Academic, I feel like I'm missing out on the social and networking opportunities that come with in-person classes and campus events.,19,300,Female,First time,Yes,Only me
Non-Academic(Hostel),Repeated cases of theft in rooms with no security intervention.,17,200,Male,2-3  times,Yes,Only me
Non-Academic(Hostel),Malfunctioning or broken door locks leading to safety concerns.,17,200,Female,First time,No,Entire department
Non-Academic(Hostel),Flooding in hallways and rooms due to plumbing failure.,20,200,Male,First time,Yes,Only me
Non-Academic(Hostel),"Severe pest infestation (bed bugs, cockroaches, rats) making rooms unlivable.",17,300,Male,First time,Yes,Only me
Non-Academic(Hostel),Lack of access to clean water for extended periods.,18,200,Female,First time,No,Only me
Non-Academic(Hostel),Collapsing ceiling or major structural damage in rooms or hallways.,19,300,Female,Ongoing Issue,No,Only me
Non-Academic(Hostel),"Power outage lasting for days, affecting security and daily activities.",17,200,Female,Ongoing Issue,Yes,Only me
Non-Academic(Hostel),Clogged toilets overflowing into rooms and common areas.,20,300,Female,First time,Yes,Only me
Non-Academic(Hostel),"Elevator failure in multi-story hostel, making access difficult for disabled students.",18,200,Female,First time,Yes,Only me
Non-Academic(Hostel),Unresolved cases of harassment within the hostel premises.,19,300,Male,First time,No,My class/group
Non-Academic(Hostel),No response to multiple complaints about an aggressive hostel resident.,19,200,Female,First time,Yes,Only me
Non-Academic(Hostel),Food poisoning cases linked to the hostel cafeteria food.,17,200,Male,2-3  times,Yes,Only me
Non-Academic(Hostel),Sudden eviction notices with no prior warning or alternative arrangements.,20,200,Male,First time,No,Only me
Non-Academic(Hostel),"Hostel entrance gate left open at night, compromising security.",18,300,Female,First time,No,Entire department
Non-Academic(Hostel),Expired fire extinguishers with no replacements available.,17,200,Female,First time,Yes,Only me
Non-Academic(Hostel),Washing machine drainage flooding hostel corridors.,19,300,Female,First time,Yes,Only me
Non-Academic(Hostel),Gas leak in the hostel kitchen left unaddressed.,18,200,Female,Ongoing Issue,Yes,Only me
Non-Academic(Hostel),Severe mold growth in rooms causing allergic reactions and respiratory issues.,17,300,Female,Ongoing Issue,No,Only me
Non-Academic(Hostel),Unauthorized persons constantly gaining access to the hostel.,20,200,Male,First time,Yes,Only me
Non-Academic(Hostel),Lack of emergency medical assistance when a resident faints in the common area.,19,300,Female,First time,Yes,Only me
Non-Academic(Hostel),Medium Urgency Complaints (Important Issues – Needs Resolution Soon),19,200,Male,First time,No,Only me
Non-Academic(Hostel),Unreliable Wi-Fi connection making online study difficult.,18,200,Male,First time,No,My class/group
Non-Academic(Hostel),Lack of proper ventilation in rooms causing discomfort.,20,200,Female,2-3  times,Yes,Only me
Non-Academic(Hostel),Frequent water shortages in shared bathrooms.,20,300,Female,First time,Yes,Only me
Non-Academic(Hostel),Hostel staff ignoring maintenance requests for leaking roofs.,18,200,Female,First time,Yes,Only me
Non-Academic(Hostel),Unfair room allocation system leading to overcrowding in some areas.,19,300,Female,First time,No,Entire department
Non-Academic(Hostel),Inconsistent hot water supply in bathrooms.,20,200,Female,First time,Yes,Only me
Non-Academic(Hostel),Broken or missing furniture in assigned rooms.,19,300,Male,Ongoing Issue,Yes,Only me
Non-Academic(Hostel),High levels of noise at night disrupting sleep and study.,19,200,Female,Ongoing Issue,No,Only me
Non-Academic(Hostel),Hostel rules being enforced selectively among students.,20,300,Male,First time,No,Only me
Non-Academic(Hostel),Unhygienic kitchen area due to poor maintenance.,18,200,Male,First time,Yes,Only me
Non-Academic(Hostel),Lack of a private study area for residents.,17,200,Female,First time,Yes,Only me
Non-Academic(Hostel),Poor drainage system leading to stagnant water around the hostel.,19,200,Female,First time,Yes,Only me
Non-Academic(Hostel),Broken intercoms making communication with hostel authorities difficult.,19,300,Female,2-3  times,No,My class/group
Non-Academic(Hostel),Excessive restrictions on visitors despite being a unisex hostel.,19,200,Female,First time,Yes,Only me
Non-Academic(Hostel),Poor lighting in hostel hallways creating safety concerns.,17,300,Female,First time,Yes,Only me
Non-Academic(Hostel),Limited power outlets in rooms causing inconvenience.,20,200,Male,First time,No,Only me
Non-Academic(Hostel),"Lack of a designated smoking area, leading to smoke spreading in corridors.",17,300,Female,First time,No,Entire department
Non-Academic(Hostel),Residents throwing trash irresponsibly due to lack of trash bins.,17,200,Male,Ongoing Issue,Yes,Only me
Non-Academic(Hostel),Unavailability of hostel staff on weekends for emergency issues.,17,300,Male,Ongoing Issue,Yes,Only me
Non-Academic(Hostel),Faulty fans or air conditioning units in common areas.,19,200,Female,First time,Yes,Only me
Non-Academic(Hostel),Laundry services being too expensive for students.,17,200,Female,First time,No,Only me
Non-Academic(Hostel),No designated storage area for students leaving items over semester breaks.,20,200,Female,First time,Yes,Only me
Non-Academic(Hostel),Room doors making loud creaking noises when opened.,18,300,Female,First time,Yes,Only me
Non-Academic(Hostel),No comfortable seating in the common area for relaxation.,17,200,Female,2-3  times,No,Only me
Non-Academic(Hostel),Unattractive hostel exterior compared to other residence halls.,20,300,Male,First time,No,My class/group
Non-Academic(Hostel),Inconsistent cleaning schedules leading to dirty corridors at times.,20,200,Female,First time,Yes,Only me
Non-Academic(Hostel),Lack of community-building events for hostel residents.,17,300,Male,First time,Yes,Only me
Non-Academic(Hostel),No wall-mounted notice board for important announcements.,18,200,Male,First time,Yes,Only me
Non-Academic(Hostel),Limited supply of hostel keys for roommates needing separate access.,17,300,Female,Ongoing Issue,No,Entire department
Non-Academic(Hostel),Overly strict curfew policies causing inconvenience.,19,200,Female,Ongoing Issue,Yes,Only me
Non-Academic(Hostel),Hostel gym equipment being outdated and rarely maintained.,20,200,Female,First time,Yes,Only me
Non-Academic(Hostel),No bike racks outside the hostel for students who cycle.,18,200,Female,First time,No,Only me
Non-Academic(Hostel),Washing machines taking too long to complete cycles.,17,300,Female,First time,No,Only me
Non-Academic(Hostel),Lack of recreational space for residents to unwind.,17,200,Male,First time,Yes,Only me
Non-Academic(Hostel),Hostel pet policy being too restrictive despite emotional support animal needs.,18,300,Female,2-3  times,Yes,Only me
Non-Academic(Hostel),Inadequate charging ports in shared study areas.,18,200,Male,First time,Yes,Only me
Non-Academic(Hostel),Windows being hard to open due to old frames.,20,300,Male,First time,No,My class/group
Non-Academic(Hostel),No feedback system for students to rate hostel management services.,18,200,Female,First time,Yes,Only me
Non-Academic(Hostel),Lacking vending machines for late-night snacks or drinks.,20,300,Female,First time,Yes,Only me
Non-Academic(Hostel),Limited hostel staff responsiveness to minor repair requests.,19,200,Female,Ongoing Issue,No,Only me
Non-Academic(Hostel),Repeated cases of theft in rooms with no security intervention.,18,200,Female,Ongoing Issue,No,Entire department
Non-Academic(Hostel),Malfunctioning or broken door locks leading to safety concerns.,18,200,Female,First time,Yes,Only me
Non-Academic(Hostel),Flooding in hallways and rooms due to plumbing failure.,17,300,Male,First time,Yes,Only me
Non-Academic(Hostel),"Severe pest infestation (bed bugs, cockroaches, rats) making rooms unlivable.",17,200,Female,First time,Yes,Only me
Non-Academic(Hostel),Lack of access to clean water for extended periods.,18,300,Male,First time,No,Only me
Non-Academic(Hostel),Collapsing ceiling or major structural damage in rooms or hallways.,18,200,Male,2-3  times,Yes,Only me
Non-Academic(Hostel),"Power outage lasting for days, affecting security and daily activities.",20,300,Female,First time,Yes,Only me
Non-Academic(Hostel),Clogged toilets overflowing into rooms and common areas.,19,200,Female,First time,No,Only me
Non-Academic(Hostel),"Elevator failure in multi-story hostel, making access difficult for disabled students.",20,300,Female,First time,No,My class/group
Non-Academic(Hostel),Unresolved cases of harassment within the hostel premises.,17,200,Female,First time,Yes,Only me
Non-Academic(Hostel),No response to multiple complaints about an aggressive hostel resident.,20,200,Female,Ongoing Issue,Yes,Only me
Non-Academic(Hostel),Food poisoning cases linked to the hostel cafeteria food.,18,200,Male,Ongoing Issue,Yes,Only me
Non-Academic(Hostel),Sudden eviction notices with no prior warning or alternative arrangements.,20,300,Female,First time,No,Entire department
Non-Academic(Hostel),"Hostel entrance gate left open at night, compromising security.",20,200,Male,First time,Yes,Only me
Non-Academic(Hostel),Expired fire extinguishers with no replacements available.,17,300,Male,First time,Yes,Only me
Non-Academic(Hostel),Washing machine drainage flooding hostel corridors.,17,200,Female,First time,No,Only me
Non-Academic(Hostel),Gas leak in the hostel kitchen left unaddressed.,19,300,Female,2-3  times,No,Only me
Non-Academic(Hostel),Severe mold growth in rooms causing allergic reactions and respiratory issues.,18,200,Female,First time,Yes,Only me
Non-Academic(Hostel),Unauthorized persons constantly gaining access to the hostel.,20,300,Female,First time,Yes,Only me
Non-Academic(Hostel),Lack of emergency medical assistance when a resident faints in the common area.,20,200,Female,First time,Yes,Only me
Non-Academic(Hostel),Reports of electrical sparks from sockets with no action taken.,18,200,Male,First time,No,My class/group
Non-Academic(Hostel),Overflowing trash bins leading to foul odor and unsanitary conditions.,20,200,Female,Ongoing Issue,Yes,Only me
Non-Academic(Hostel),Students locked out of their rooms due to malfunctioning key cards or locks.,17,300,Male,Ongoing Issue,Yes,Only me
Non-Academic(Hostel),Water leakage near electrical outlets posing a risk of electrocution.,19,200,Male,First time,No,Only me
Non-Academic(Hostel),Broken window panes exposing rooms to extreme weather conditions.,18,300,Female,First time,No,Entire department
Non-Academic(Hostel),Hostel staff failing to address reports of sexual harassment.,20,200,Female,First time,Yes,Only me
Non-Academic(Hostel),Broken external gate allowing unauthorized access to the building.,20,300,Female,First time,Yes,Only me
Non-Academic(Hostel),Blocked fire exits due to improper storage of maintenance equipment.,20,200,Female,2-3  times,Yes,Only me
Non-Academic(Hostel),Lack of security cameras in high-risk areas leading to frequent cases of vandalism.,18,300,Female,First time,No,Only me
Non-Academic(Hostel),Dysfunctional hostel intercom preventing emergency communication.,18,200,Male,First time,Yes,Only me
Non-Academic(Hostel),"Gas burners in the shared kitchen not functioning, preventing students from cooking.",18,200,Female,First time,Yes,Only me
Non-Academic(Hostel),Unexplained foul odor from hostel drainage making rooms uninhabitable.,20,200,Male,First time,No,Only me
Non-Academic(Hostel),Bathroom ceilings caving in due to prolonged leaks.,17,300,Male,Ongoing Issue,No,My class/group
Non-Academic(Hostel),Unattended medical emergencies reported to hostel authorities.,19,200,Female,Ongoing Issue,Yes,Only me
Non-Academic(Hostel),Major sewage backup causing unbearable smell in hallways.,19,300,Female,First time,Yes,Only me
Non-Academic(Hostel),Unreliable Wi-Fi connection making online study difficult.,19,200,Female,First time,Yes,Only me
Non-Academic(Hostel),Lack of proper ventilation in rooms causing discomfort.,17,300,Female,First time,No,Entire department
Non-Academic(Hostel),Frequent water shortages in shared bathrooms.,18,200,Female,First time,Yes,Only me
Non-Academic(Hostel),Hostel staff ignoring maintenance requests for leaking roofs.,17,300,Male,2-3  times,Yes,Only me
Non-Academic(Hostel),Unfair room allocation system leading to overcrowding in some areas.,19,200,Female,First time,No,Only me
Non-Academic(Hostel),Inconsistent hot water supply in bathrooms.,17,200,Male,First time,No,Only me
Non-Academic(Hostel),Broken or missing furniture in assigned rooms.,17,200,Male,First time,Yes,Only me
Non-Academic(Hostel),High levels of noise at night disrupting sleep and study.,17,300,Female,First time,Yes,Only me
Non-Academic(Hostel),Hostel rules being enforced selectively among students.,18,200,Female,Ongoing Issue,Yes,Only me
Non-Academic(Hostel),Unhygienic kitchen area due to poor maintenance.,17,300,Female,Ongoing Issue,No,My class/group
Non-Academic(Hostel),Lack of a private study area for residents.,17,200,Female,First time,Yes,Only me
Non-Academic(Hostel),Poor drainage system leading to stagnant water around the hostel.,20,300,Female,First time,Yes,Only me
Non-Academic(Hostel),Broken intercoms making communication with hostel authorities difficult.,17,200,Male,First time,No,Only me
Non-Academic(Hostel),Excessive restrictions on visitors despite being a unisex hostel.,18,300,Female,First time,No,Entire department
Non-Academic(Hostel),Poor lighting in hostel hallways creating safety concerns.,17,200,Male,2-3  times,Yes,Only me
Non-Academic(Hostel),Limited power outlets in rooms causing inconvenience.,18,200,Male,First time,Yes,Only me
Non-Academic(Hostel),"Lack of a designated smoking area, leading to smoke spreading in corridors.",19,200,Female,First time,Yes,Only me
Non-Academic(Hostel),Residents throwing trash irresponsibly due to lack of trash bins.,19,300,Female,First time,No,Only me
Non-Academic(Hostel),Unavailability of hostel staff on weekends for emergency issues.,20,200,Female,First time,Yes,Only me
Non-Academic(Hostel),Faulty fans or air conditioning units in common areas.,18,300,Female,Ongoing Issue,Yes,Only me
Non-Academic(Hostel),Dirty curtains and bedding provided by hostel management.,20,200,Female,Ongoing Issue,No,Only me
Non-Academic(Hostel),Frequent disruptions in water heating system causing discomfort.,17,300,Male,First time,No,My class/group
Non-Academic(Hostel),Room heating systems not functioning in cold weather.,20,200,Female,First time,Yes,Only me
Non-Academic(Hostel),Unjustified additional charges added to hostel fees.,18,300,Male,First time,Yes,Only me
Non-Academic(Hostel),Limited availability of laundry services leading to long waiting times.,17,200,Male,First time,Yes,Only me
Non-Academic(Hostel),No designated storage area for students leaving items over semester breaks.,18,200,Female,2-3  times,No,Entire department
Non-Academic(Hostel),"Delay in fixing hostel gate sensor, causing long entry queues.",19,200,Female,First time,Yes,Only me
Non-Academic(Hostel),Inconsistent cleaning schedules leading to unhygienic conditions.,17,300,Female,First time,Yes,Only me
Non-Academic(Hostel),Lack of clear emergency evacuation instructions.,19,200,Female,First time,No,Only me
Non-Academic(Hostel),Untrained hostel staff mishandling student complaints.,17,300,Female,First time,No,Only me
Non-Academic(Hostel),Laundry services being too expensive for students.,20,200,Male,Ongoing Issue,Yes,Only me
Non-Academic(Hostel),No designated storage area for students leaving items over semester breaks.,18,300,Female,Ongoing Issue,Yes,Only me
Non-Academic(Hostel),Room doors making loud creaking noises when opened.,19,200,Male,First time,Yes,Only me
Non-Academic(Hostel),No comfortable seating in the common area for relaxation.,20,300,Male,First time,No,My class/group
Non-Academic(Hostel),Unattractive hostel exterior compared to other residence halls.,17,200,Female,First time,Yes,Only me
Non-Academic(Hostel),Inconsistent cleaning schedules leading to dirty corridors at times.,19,200,Female,First time,Yes,Only me
Non-Academic(Hostel),Lack of community-building events for hostel residents.,19,200,Female,2-3  times,No,Only me
Non-Academic(Hostel),No wall-mounted notice board for important announcements.,20,300,Female,First time,No,Entire department
Non-Academic(Hostel),Limited supply of hostel keys for roommates needing separate access.,17,200,Female,First time,Yes,Only me
Non-Academic(Hostel),Overly strict curfew policies causing inconvenience.,20,300,Male,First time,Yes,Only me
Non-Academic(Hostel),Hostel gym equipment being outdated and rarely maintained.,17,200,Female,First time,Yes,Only me
Non-Academic(Hostel),No bike racks outside the hostel for students who cycle.,18,300,Male,Ongoing Issue,No,Only me
Non-Academic(Hostel),Washing machines taking too long to complete cycles.,19,200,Male,Ongoing Issue,Yes,Only me
Non-Academic(Hostel),Lack of recreational space for residents to unwind.,20,300,Female,First time,Yes,Only me
Non-Academic(Hostel),Hostel pet policy being too restrictive despite emotional support animal needs.,18,200,Female,First time,No,Only me
Non-Academic(Hostel),Inadequate charging ports in shared study areas.,20,200,Female,First time,No,My class/group
Non-Academic(Hostel),Windows being hard to open due to old frames.,20,200,Female,First time,Yes,Only me
Non-Academic(Hostel),No feedback system for students to rate hostel management services.,18,300,Female,2-3  times,Yes,Only me
Non-Academic(Hostel),Lacking vending machines for late-night snacks or drinks.,20,200,Male,First time,Yes,Only me
Non-Academic(Hostel),Limited hostel staff responsiveness to minor repair requests.,17,300,Female,First time,No,Entire department
Non-Academic(Hostel),No dedicated space for organizing small student gatherings.,18,200,Male,First time,Yes,Only me
Non-Academic(Hostel),Lack of curtains in common areas reducing privacy.,18,300,Male,First time,Yes,Only me
Non-Academic(Hostel),No clock installed in the common lounge or reading areas.,18,200,Female,Ongoing Issue,No,Only me
Non-Academic(Hostel),Inadequate drying racks in the laundry room.,19,300,Female,Ongoing Issue,No,Only me
Non-Academic(Hostel),Poor signage for new students navigating the hostel.,18,200,Female,First time,Yes,Only me
Non-Academic(Hostel),No CCTV monitoring in recreational areas leading to occasional property loss.,17,200,Female,First time,Yes,Only me
Non-Academic(Hostel),Lack of maintenance on sports and activity equipment.,19,200,Female,First time,Yes,Only me
Non-Academic(Hostel),Poor quality mattresses causing discomfort and back pain.,18,300,Male,First time,No,My class/group
Non-Academic(Hostel),No self-service printing station within the hostel.,18,200,Female,2-3  times,Yes,Only me
Non-Academic(Hostel),Frequent lock malfunctions requiring students to request key replacements.,19,300,Male,First time,Yes,Only me
Non-Academic(Hostel),My bed frame is broken and needs urgent repair.,19,200,Male,First time,No,Only me
Non-Academic(Hostel),The mattress provided is worn out and uncomfortable.,18,300,Female,First time,No,Entire department
Non-Academic(Hostel),My bunk bed is unstable and squeaks loudly.,20,200,Female,First time,Yes,Only me
Non-Academic(Hostel),My room door lock is faulty and needs fixing.,17,300,Female,Ongoing Issue,Yes,Only me
Non-Academic(Hostel),"My window cannot close properly, allowing mosquitoes inside.",18,200,Female,Ongoing Issue,Yes,Only me
Non-Academic(Hostel),The ceiling in my room is leaking when it rains.,17,200,Female,First time,No,Only me
Non-Academic(Hostel),The walls in my room have cracks and are peeling.,17,200,Male,First time,Yes,Only me
Non-Academic(Hostel),My room is infested with bedbugs.,19,300,Female,First time,Yes,Only me
Non-Academic(Hostel),"The ventilation in my room is poor, making it very hot.",19,200,Male,First time,No,Only me
Non-Academic(Hostel),My room has an electrical socket that sparks dangerously.,19,300,Male,2-3  times,No,My class/group
Non-Academic(Hostel),The curtain rods in my room are broken and need replacement.,19,200,Female,First time,Yes,Only me
Non-Academic(Hostel),My wardrobe is damaged and won’t close properly.,20,300,Female,First time,Yes,Only me
Non-Academic(Hostel),"The key to my locker is missing, and I need a replacement.",18,200,Female,First time,Yes,Only me
Non-Academic(Hostel),"My fan is not working, making it unbearable to stay in my room.",17,300,Female,First time,No,Entire department
Non-Academic(Hostel),My room is overcrowded beyond the allocated number of students.,18,200,Female,Ongoing Issue,Yes,Only me
Non-Academic(Hostel),The light bulbs in my room keep burning out frequently.,19,200,Male,Ongoing Issue,Yes,Only me
Non-Academic(Hostel),"My power socket is not working, making it hard to charge devices.",18,200,Female,First time,No,Only me
Non-Academic(Hostel),The electrical wiring in my room is exposed and unsafe.,20,300,Male,First time,No,Only me
Non-Academic(Hostel),My room has a persistent foul smell due to plumbing issues.,18,200,Male,First time,Yes,Only me
Non-Academic(Hostel),My mattress has bedbugs and needs to be changed.,18,300,Female,First time,Yes,Only me
Non-Academic(Hostel),There is no running water in the hostel bathrooms.,20,200,Female,2-3  times,Yes,Only me
Non-Academic(Hostel),The showerheads in the bathrooms are broken.,17,300,Female,First time,No,My class/group
Non-Academic(Hostel),"The bathroom doors have no locks, affecting privacy.",18,200,Female,First time,Yes,Only me
Non-Academic(Hostel),The toilet is blocked and overflows frequently.,17,300,Female,First time,Yes,Only me
Non-Academic(Hostel),The taps in the hostel are leaking and wasting water.,20,200,Male,First time,No,Only me
Non-Academic(Hostel),The bathrooms are always dirty due to poor maintenance.,18,200,Female,Ongoing Issue,No,Entire department
Non-Academic(Hostel),The hostel borehole water is not clean for use.,20,200,Male,Ongoing Issue,Yes,Only me
Non-Academic(Hostel),The sinks in the hostel bathrooms are clogged.,20,300,Male,First time,Yes,Only me
Non-Academic(Hostel),There are no mirrors in the bathrooms.,17,200,Female,First time,Yes,Only me
Non-Academic(Hostel),The water pressure in the showers is too low.,20,300,Female,First time,No,Only me
Non-Academic(Hostel),The hostel water supply is inconsistent.,17,200,Female,First time,Yes,Only me
Non-Academic(Hostel),The drainage system in the bathroom is clogged.,18,300,Female,2-3  times,Yes,Only me
Non-Academic(Hostel),The toilet seats are broken and need replacement.,20,200,Female,First time,No,Only me
Non-Academic(Hostel),The hostel restrooms have no tissue paper holders.,19,300,Male,First time,No,My class/group
Non-Academic(Hostel),"The bathrooms lack proper ventilation, making them smell bad.",20,200,Female,First time,Yes,Only me
Non-Academic(Hostel),"The septic tank is overflowing, causing a health hazard.",20,200,Male,First time,Yes,Only me
Non-Academic(Hostel),The hostel toilets have no soap dispensers.,20,200,Male,Ongoing Issue,Yes,Only me
Non-Academic(Hostel),The floors in the bathroom are always wet and slippery.,19,300,Female,Ongoing Issue,No,Entire department
Non-Academic(Hostel),The water heater in the bathroom is not working.,18,200,Female,First time,Yes,Only me
Non-Academic(Hostel),The drainage system causes water to flood the bathrooms.,17,300,Female,First time,Yes,Only me
Non-Academic(Hostel),There is no stable power supply in the hostel.,18,200,Female,First time,No,Only me
Non-Academic(Hostel),The hostel generator is faulty and rarely turned on.,18,300,Female,First time,No,Only me
Non-Academic(Hostel),The light bulbs in the hallways keep flickering.,20,200,Male,2-3  times,Yes,Only me
Non-Academic(Hostel),"The hostel security lights are not working, making the compound dark.",18,300,Female,First time,Yes,Only me
Non-Academic(Hostel),The sockets in the common area are not functional.,19,200,Male,First time,Yes,Only me
Non-Academic(Hostel),The ceiling fans in the hostel hallways are faulty.,20,200,Male,First time,No,My class/group
Non-Academic(Hostel),"The hostel inverter is not working, leaving us without backup power.",17,200,Female,First time,Yes,Only me
Non-Academic(Hostel),The hostel electrical wiring needs urgent maintenance.,18,300,Female,Ongoing Issue,Yes,Only me
Non-Academic(Hostel),"The power supply is inconsistent, making it hard to study.",18,200,Female,Ongoing Issue,No,Only me
Non-Academic(Hostel),The hostel lacks a sufficient number of sockets for residents.,17,300,Female,First time,No,Entire department
Non-Academic(Hostel),Some hostel rooms do not receive power during load shedding.,20,200,Female,First time,Yes,Only me
Non-Academic(Hostel),The hostel common room lights are always off.,19,300,Male,First time,Yes,Only me
Non-Academic(Hostel),The hostel’s power surges damage students' electronics.,18,200,Female,First time,Yes,Only me
Non-Academic(Hostel),The switch in my room is broken and needs fixing.,17,300,Male,2-3  times,No,Only me
Non-Academic(Hostel),The hostel emergency lighting system is not functional.,19,200,Male,First time,Yes,Only me
Non-Academic(Hostel),"The electrical meters are faulty, causing billing discrepancies.",20,200,Female,First time,Yes,Only me
Non-Academic(Hostel),"The generator fuel runs out too quickly, causing frequent outages.",20,200,Female,First time,No,Only me
Non-Academic(Hostel),There is no power in the laundry section of the hostel.,18,300,Female,First time,No,My class/group
Non-Academic(Hostel),My hostel corridor is too dark due to faulty lighting.,17,200,Female,Ongoing Issue,Yes,Only me
Non-Academic(Hostel),The hostel does not have solar backup lighting.,17,300,Female,Ongoing Issue,Yes,Only me
Non-Academic(Hostel),The main hostel entrance door is always left open.,19,200,Male,First time,Yes,Only me
Non-Academic(Hostel),Strangers gain access to the hostel without proper checks.,18,300,Female,First time,No,Entire department
Non-Academic(Hostel),The security guards do not check visitors properly.,17,200,Male,First time,Yes,Only me
Non-Academic(Hostel),There have been cases of theft in the hostel.,19,300,Male,First time,Yes,Only me
Non-Academic(Hostel),The hostel fire extinguishers are expired.,18,200,Female,2-3  times,No,Only me
Non-Academic(Hostel),The emergency exits are blocked with storage items.,19,200,Female,First time,No,Only me
Non-Academic(Hostel),The hostel has no CCTV cameras for security.,17,200,Female,First time,Yes,Only me
Non-Academic(Hostel),The security guards do not patrol at night.,19,300,Female,First time,Yes,Only me
Non-Academic(Hostel),There are no smoke detectors in the hostel.,18,200,Female,First time,Yes,Only me
Non-Academic(Hostel),"Some rooms do not have keys, making them insecure.",17,300,Male,Ongoing Issue,No,My class/group
Non-Academic(Hostel),Students leave their doors unlocked due to broken locks.,18,200,Female,Ongoing Issue,Yes,Only me
Non-Academic(Hostel),There is no security presence in the female hostel at night.,20,300,Male,First time,Yes,Only me
Non-Academic(Hostel),"The hostel perimeter fence has gaps, allowing intruders.",20,200,Male,First time,No,Only me
Non-Academic(Hostel),Some security lights in the hostel compound are off.,20,300,Female,First time,No,Entire department
Non-Academic(Hostel),The hostel gate is sometimes left open at night.,20,200,Female,First time,Yes,Only me
Non-Academic(Hostel),The hostel lacks a proper emergency response system.,19,200,Female,2-3  times,Yes,Only me
Non-Academic(Hostel),Unauthorized vendors enter the hostel to sell items.,17,200,Female,First time,Yes,Only me
Non-Academic(Hostel),The hostel needs better safety measures against fire outbreaks.,17,300,Female,First time,No,Only me
Non-Academic(Hostel),Some students sneak in unauthorized guests at night.,18,200,Male,First time,Yes,Only me
Non-Academic(Hostel),The hostel corridors are too dark and unsafe at night.,18,300,Female,First time,Yes,Only me
Non-Academic(Hostel),The laundry section has no drying racks.,20,200,Male,Ongoing Issue,No,Only me
Non-Academic(Hostel),The hostel washing machines are frequently out of order.,19,300,Male,Ongoing Issue,No,My class/group
Non-Academic(Hostel),The hostel cleaners do not clean the restrooms regularly.,17,200,Female,First time,Yes,Only me
Non-Academic(Hostel),There is a foul smell from the hostel drainage.,20,300,Female,First time,Yes,Only me
Non-Academic(Hostel),The garbage bins in the hostel are always full.,17,200,Female,First time,Yes,Only me
Non-Academic(Hostel),The hostel does not have proper pest control.,20,200,Female,First time,No,Entire department
Non-Academic(Hostel),The floor in the hostel corridors is often dirty.,18,200,Female,2-3  times,Yes,Only me
Non-Academic(Hostel),There is no water supply in the laundry area.,19,300,Male,First time,Yes,Only me
Non-Academic(Hostel),The laundry area is too congested for students.,19,200,Female,First time,No,Only me
Non-Academic(Hostel),The hostel lacks proper maintenance of shared spaces.,20,300,Male,First time,No,Only me
Non-Academic(Hostel),The room is too small for the number of occupants.,20,200,Male,First time,Yes,Only me
Non-Academic(Hostel),There is no storage space for personal belongings.,19,300,Female,Ongoing Issue,Yes,Only me
Non-Academic(Hostel),The walls have mold and are affecting my health.,20,200,Female,Ongoing Issue,Yes,Only me
Non-Academic(Hostel),"My bunk ladder is broken, making it difficult to climb.",19,300,Female,First time,No,My class/group
Non-Academic(Hostel),"My bed is too close to the ceiling fan, making it unsafe.",17,200,Female,First time,Yes,Only me
Non-Academic(Hostel),There are no hooks to hang towels and clothes in the room.,17,200,Female,First time,Yes,Only me
Non-Academic(Hostel),"The door hinges are loose, causing a creaking noise.",20,200,Male,First time,No,Only me
Non-Academic(Hostel),My roommate’s loud activities are disrupting my studies.,19,300,Female,2-3  times,No,Entire department
Non-Academic(Hostel),There is no space to keep my shoes organized.,17,200,Male,First time,Yes,Only me
Non-Academic(Hostel),The hostel lacks mosquito nets on the windows.,18,300,Male,First time,Yes,Only me
Non-Academic(Hostel),"My mattress is too thin, causing back pain.",19,200,Female,First time,Yes,Only me
Non-Academic(Hostel),"The room has too many cracks, allowing insects inside.",17,300,Female,First time,No,Only me
Non-Academic(Hostel),The hostel does not provide bed sheets or pillowcases.,17,200,Female,Ongoing Issue,Yes,Only me
Non-Academic(Hostel),My room has a strange odor that won’t go away.,17,300,Female,Ongoing Issue,Yes,Only me
Non-Academic(Hostel),"The window screens are missing, allowing lizards inside.",18,200,Female,First time,No,Only me
Non-Academic(Hostel),My ceiling is discolored due to a previous leak.,18,200,Male,First time,No,My class/group
Non-Academic(Hostel),"My bed is too close to the window, making it too cold at night.",19,200,Female,First time,Yes,Only me
Non-Academic(Hostel),"My room is too close to the hostel generator, making it noisy.",19,300,Male,First time,Yes,Only me
Non-Academic(Hostel),The noise level in my room makes it hard to concentrate.,19,200,Male,2-3  times,Yes,Only me
Non-Academic(Hostel),"There is no proper ventilation, causing excessive heat.",20,300,Female,First time,No,Entire department
Non-Academic(Hostel),The hostel has no alternative water supply during shortages.,19,200,Female,First time,Yes,Only me
Non-Academic(Hostel),The hostel water tanks are not cleaned regularly.,19,300,Female,First time,Yes,Only me
Non-Academic(Hostel),"Some students leave the water running, causing waste.",19,200,Female,First time,No,Only me
Non-Academic(Hostel),There are no shelves in the bathroom to place toiletries.,18,300,Female,Ongoing Issue,No,Only me
Non-Academic(Hostel),The shower cubicles have no curtains or doors.,18,200,Male,Ongoing Issue,Yes,Only me
Non-Academic(Hostel),The toilet flush system is broken.,17,200,Female,First time,Yes,Only me
Non-Academic(Hostel),The hostel plumbing makes loud noises at night.,19,200,Male,First time,Yes,Only me
Non-Academic(Hostel),The bathroom taps are too hard to turn.,18,300,Male,First time,No,My class/group
Non-Academic(Hostel),"The hostel water contains too much iron, staining clothes.",17,200,Female,First time,Yes,Only me
Non-Academic(Hostel),The laundry section has no space for washing buckets.,17,300,Male,First time,Yes,Only me
Non-Academic(Hostel),The water smells bad and is sometimes discolored.,20,200,Female,First time,No,Only me
Non-Academic(Hostel),Some bathrooms do not have mirrors installed.,19,200,Male,Ongoing Issue,No,Only me
Non-Academic(Hostel),"Some students use the bathroom sinks to wash clothes, causing clogs.",20,200,Male,Ongoing Issue,Yes,Only me
Non-Academic(Hostel),The toilet ventilation system is not working.,17,300,Female,First time,Yes,Only me
Non-Academic(Hostel),"Some students do not flush after use, making the toilets unhygienic.",17,200,Male,First time,Yes,Only me
Non-Academic(Hostel),"The hostel lacks enough restrooms per block, causing long queues.",17,300,Female,First time,No,Only me
Non-Academic(Hostel),"Some bathrooms have broken tiles, making them hazardous.",20,200,Male,First time,Yes,Only me
Non-Academic(Hostel),The hostel does not provide sanitary disposal bins in the female bathrooms.,18,200,Male,First time,Yes,Only me
Non-Academic(Hostel),The hostel restrooms have frequent cases of vandalism.,19,200,Female,First time,No,Only me
Non-Academic(Hostel),The hostel management does not respond quickly to water-related complaints.,20,300,Male,Ongoing Issue,No,Only me
Non-Academic(Hostel),The hostel lacks solar-powered backup lighting.,17,200,Female,Ongoing Issue,Yes,Only me
Non-Academic(Hostel),The power supply is unreliable during exams.,20,300,Male,First time,Yes,Only me
Non-Academic(Hostel),The generator noise makes it hard to sleep at night.,20,200,Male,First time,Yes,Only me
Non-Academic(Hostel),The hostel needs a prepaid metering system for fair billing.,20,200,Female,First time,No,Only me
Non-Academic(Hostel),Some rooms have faulty circuit breakers that trip often.,19,200,Male,First time,Yes,Only me
Non-Academic(Hostel),The hostel corridors remain dark at night due to lack of lighting.,19,300,Female,First time,Yes,Only me
Non-Academic(Hostel),The charging sockets are not sufficient for all students.,17,200,Male,First time,No,Only me
Non-Academic(Hostel),The hostel needs to install a surge protector to prevent power surges.,18,300,Male,Ongoing Issue,No,Only me
Non-Academic(Hostel),The light bulbs provided are too dim for reading.,18,200,Female,Ongoing Issue,Yes,Only me
Non-Academic(Hostel),The electrical meters are shared between too many rooms.,17,200,Male,First time,Yes,Only me
Non-Academic(Hostel),The hostel security check-in process is too slow.,17,200,Female,First time,Yes,Only me
Non-Academic(Hostel),The hostel needs a biometric access system for better security.,18,300,Male,First time,No,Only me
Non-Academic(Hostel),Personal belongings frequently go missing in the hostel.,20,200,Male,First time,Yes,Only me
Non-Academic(Hostel),The fire alarm system in the hostel is not functional.,17,300,Female,First time,Yes,Only me
Non-Academic(Hostel),There have been reports of strangers loitering in the hostel.,17,200,Male,First time,No,Only me
Non-Academic(Hostel),The hostel lacks a designated assembly point in case of emergencies.,17,200,Female,Ongoing Issue,No,Only me
Non-Academic(Hostel),Some security guards are rude to students.,19,200,Male,Ongoing Issue,Yes,Only me
Non-Academic(Hostel),The security personnel are not properly trained for emergency situations.,17,300,Male,First time,Yes,Only me
Non-Academic(Hostel),The hostel entrance gate is always left open.,17,200,Female,First time,Yes,Only me
Non-Academic(Hostel),Students enter the hostel with unauthorized guests.,17,300,Male,First time,No,Only me
Non-Academic(Hostel),The common room TV is outdated and does not work.,20,200,Female,First time,Yes,Only me
Non-Academic(Hostel),The hostel lacks a proper study room with quiet rules.,18,200,Male,First time,Yes,Only me
Non-Academic(Hostel),The hostel chairs and tables are too old and need replacing.,20,200,Male,First time,No,Only me
Non-Academic(Hostel),The common room lacks a whiteboard or notice board for announcements.,19,300,Female,Ongoing Issue,No,Only me
Non-Academic(Hostel),The reading room is too small for the number of students.,18,200,Male,Ongoing Issue,Yes,Only me
Non-Academic(Hostel),The hostel does not have a recreation center or gym.,17,300,Female,First time,Yes,Only me
Non-Academic(Hostel),The hostel needs more relaxation areas with seating.,20,200,Male,First time,Yes,Only me
Non-Academic(Hostel),The study room needs better lighting for night reading.,19,200,Male,First time,No,Only me
Non-Academic(Hostel),The common room lacks charging ports for students.,20,200,Female,First time,Yes,Only me
Non-Academic(Hostel),The hostel kitchen area is always dirty and unkempt.,20,300,Male,First time,Yes,Only me
Non-Academic(Hostel),Some students play loud music at odd hours.,20,200,Female,First time,No,Only me
Non-Academic(Hostel),The hostel corridors are noisy due to frequent shouting.,19,300,Male,Ongoing Issue,No,Only me
Non-Academic(Hostel),"Some students keep their doors open, causing unnecessary noise.",17,200,Male,Ongoing Issue,Yes,Only me
Non-Academic(Hostel),There are no quiet hours enforced in the hostel.,19,200,Female,First time,Yes,Only me
Non-Academic(Hostel),"The hostel lacks soundproofing, making every noise echo.",17,200,Male,First time,Yes,Only me
Non-Academic(Hostel),Some students talk loudly on their phones at night.,19,300,Female,First time,No,Only me
Non-Academic(Hostel),The hostel generators are placed too close to the rooms.,17,200,Male,First time,Yes,Only me
Non-Academic(Hostel),There are frequent arguments and fights among students.,17,300,Male,First time,Yes,Only me
Non-Academic(Hostel),The hostel management does not enforce a noise control policy.,17,200,Female,First time,No,Only me
Non-Academic(Hostel),The hostel lacks a complaint mechanism for reporting noisy neighbors.,19,200,Male,Ongoing Issue,No,Only me
